<?xml version="1.0" encoding="UTF-8"?>
<gpx creator="StravaGPX" version="1.1" xmlns="http://www.topografix.com/GPX/1/1" xmlns:xsi="http://www.w3.org/2001/XMLSchema-instance" xsi:schemaLocation="http://www.topografix.com/GPX/1/1 http://www.topografix.com/GPX/1/1/gpx.xsd">
 <metadata>
  <name>entire Charles river (kinda)</name>
  <author>
   <name>Arianna Davidson</name>
   <link href="https://www.strava.com/athletes/89873695"/>
  </author>
  <copyright author="OpenStreetMap contributors">
   <year>2020</year>
   <license>https://www.openstreetmap.org/copyright</license>
  </copyright>
  <link href="https://www.strava.com/routes/3483482924753584570"/>
 </metadata>
 <wpt lat="42.20665" lon="-71.5129">
  <name>Start</name>
  <type>start</type>
 </wpt>
 <wpt lat="42.143858" lon="-71.514936">
  <name>Dunkin’ (milford)</name>
  <type>aid</type>
 </wpt>
 <wpt lat="42.089095" lon="-71.47537">
  <name>Honey Dew Donuts</name>
  <type>aid</type>
 </wpt>
 <wpt lat="42.13939" lon="-71.43397">
  <name>Volunteer stop #1 - looking for volunteer &lt;3</name>
  <type>aid</type>
 </wpt>
 <wpt lat="42.15398" lon="-71.35298">
  <name>Volunteer stop #2 - looking for volunteer &lt;3</name>
  <type>aid</type>
 </wpt>
 <wpt lat="42.1856947" lon="-71.3095435">
  <name>Cumberland/Dunkin’/CVS (medfield)</name>
  <type>aid</type>
 </wpt>
 <wpt lat="42.23207" lon="-71.33403">
  <name>Volunteer stop #3 - Alice and John &lt;3</name>
  <type>aid</type>
 </wpt>
 <wpt lat="42.2733249" lon="-71.3152475">
  <name>The Pizza Shop at South Natick (lunch)</name>
  <type>aid</type>
 </wpt>
 <wpt lat="42.2757351" lon="-71.2372759">
  <name>Roche Bros/McDonald’s/Dunkin’</name>
  <type>aid</type>
 </wpt>
 <wpt lat="42.258999" lon="-71.178706">
  <name>Speedway (Dedham)</name>
  <type>aid</type>
 </wpt>
 <wpt lat="42.3147564" lon="-71.2250699">
  <name>Citgo (Newton)</name>
  <type>aid</type>
 </wpt>
 <wpt lat="42.3446063" lon="-71.2580313">
  <name>Speedway (Newton)</name>
  <type>aid</type>
 </wpt>
 <wpt lat="42.365554" lon="-71.203901">
  <name>Grocery Garrison (Newton)</name>
  <type>aid</type>
 </wpt>
 <wpt lat="42.3617437" lon="-71.1158449">
  <name>Shell (sign)</name>
  <type>aid</type>
 </wpt>
 <wpt lat="42.367476" lon="-71.05961">
  <name>Finish (Night Shift Brewing)</name>
  <type>finish</type>
 </wpt>
 <trk>
  <name>entire Charles river (kinda)</name>
  <link href="https://www.strava.com/routes/3483482924753584570"/>
  <type>running</type>
  <trkseg>
   <trkpt lat="42.20665" lon="-71.5129">
    <ele>134.79000000000002</ele>
   </trkpt>
   <trkpt lat="42.206630000000004" lon="-71.51272">
    <ele>134.79000000000002</ele>
   </trkpt>
   <trkpt lat="42.20664" lon="-71.51254">
    <ele>134.89000000000001</ele>
   </trkpt>
   <trkpt lat="42.2068" lon="-71.51186000000001">
    <ele>135.25</ele>
   </trkpt>
   <trkpt lat="42.20629500032866" lon="-71.51161499807452">
    <ele>134.43</ele>
   </trkpt>
   <trkpt lat="42.20579" lon="-71.51137">
    <ele>132.85000000000002</ele>
   </trkpt>
   <trkpt lat="42.20512" lon="-71.51107">
    <ele>131.06</ele>
   </trkpt>
   <trkpt lat="42.204280000000004" lon="-71.51066">
    <ele>129.32000000000002</ele>
   </trkpt>
   <trkpt lat="42.20367" lon="-71.5103">
    <ele>127.74000000000002</ele>
   </trkpt>
   <trkpt lat="42.20298500072962" lon="-71.50987499535829">
    <ele>125.80000000000003</ele>
   </trkpt>
   <trkpt lat="42.2023" lon="-71.50945">
    <ele>124.59</ele>
   </trkpt>
   <trkpt lat="42.20175500056399" lon="-71.5090299962216">
    <ele>123.27</ele>
   </trkpt>
   <trkpt lat="42.20121" lon="-71.50861">
    <ele>122.62</ele>
   </trkpt>
   <trkpt lat="42.201040000000006" lon="-71.50926000000001">
    <ele>121.25000000000001</ele>
   </trkpt>
   <trkpt lat="42.20041666731893" lon="-71.50899332808696">
    <ele>120.62</ele>
   </trkpt>
   <trkpt lat="42.19979333402024" lon="-71.50872666143518">
    <ele>119.39</ele>
   </trkpt>
   <trkpt lat="42.19917" lon="-71.50846">
    <ele>118.22</ele>
   </trkpt>
   <trkpt lat="42.198645000261024" lon="-71.50825499832752">
    <ele>117.31</ele>
   </trkpt>
   <trkpt lat="42.19812" lon="-71.50805000000001">
    <ele>116.33</ele>
   </trkpt>
   <trkpt lat="42.198100000000004" lon="-71.50804000000001">
    <ele>116.31</ele>
   </trkpt>
   <trkpt lat="42.19741000045561" lon="-71.50775999698949">
    <ele>115.57000000000001</ele>
   </trkpt>
   <trkpt lat="42.196720000000006" lon="-71.50748">
    <ele>114.37</ele>
   </trkpt>
   <trkpt lat="42.19606000028937" lon="-71.507234997452">
    <ele>113.84</ele>
   </trkpt>
   <trkpt lat="42.19540000000001" lon="-71.50699">
    <ele>113.65</ele>
   </trkpt>
   <trkpt lat="42.19464000041306" lon="-71.50667499620465">
    <ele>112.61000000000001</ele>
   </trkpt>
   <trkpt lat="42.19388" lon="-71.50636">
    <ele>111.82000000000001</ele>
   </trkpt>
   <trkpt lat="42.193870000000004" lon="-71.50664">
    <ele>112.01</ele>
   </trkpt>
   <trkpt lat="42.193900000000006" lon="-71.50681">
    <ele>112.46000000000001</ele>
   </trkpt>
   <trkpt lat="42.19389" lon="-71.50721">
    <ele>113.46000000000001</ele>
   </trkpt>
   <trkpt lat="42.193810000000006" lon="-71.50766">
    <ele>111.51</ele>
   </trkpt>
   <trkpt lat="42.193630000000006" lon="-71.5078">
    <ele>110.7</ele>
   </trkpt>
   <trkpt lat="42.19321" lon="-71.50779">
    <ele>112.01</ele>
   </trkpt>
   <trkpt lat="42.19295" lon="-71.50766">
    <ele>113.93</ele>
   </trkpt>
   <trkpt lat="42.19285" lon="-71.50766">
    <ele>114.68</ele>
   </trkpt>
   <trkpt lat="42.192780000000006" lon="-71.50761">
    <ele>114.87</ele>
   </trkpt>
   <trkpt lat="42.192620000000005" lon="-71.50756000000001">
    <ele>114.64</ele>
   </trkpt>
   <trkpt lat="42.19258000000001" lon="-71.50752">
    <ele>114.45</ele>
   </trkpt>
   <trkpt lat="42.1925" lon="-71.50748">
    <ele>113.85000000000001</ele>
   </trkpt>
   <trkpt lat="42.19245" lon="-71.50752">
    <ele>113.46000000000001</ele>
   </trkpt>
   <trkpt lat="42.192420000000006" lon="-71.50758">
    <ele>113.01</ele>
   </trkpt>
   <trkpt lat="42.192330000000005" lon="-71.50766">
    <ele>111.34</ele>
   </trkpt>
   <trkpt lat="42.1923" lon="-71.50775">
    <ele>110.56</ele>
   </trkpt>
   <trkpt lat="42.19225" lon="-71.50779">
    <ele>108.4</ele>
   </trkpt>
   <trkpt lat="42.19218" lon="-71.5078">
    <ele>107.12</ele>
   </trkpt>
   <trkpt lat="42.1921" lon="-71.50789">
    <ele>105.95</ele>
   </trkpt>
   <trkpt lat="42.19203" lon="-71.50793">
    <ele>105.95</ele>
   </trkpt>
   <trkpt lat="42.191390000024704" lon="-71.5078749994441">
    <ele>105.2</ele>
   </trkpt>
   <trkpt lat="42.19075" lon="-71.50782000000001">
    <ele>105.2</ele>
   </trkpt>
   <trkpt lat="42.1908" lon="-71.50783000000001">
    <ele>105.22</ele>
   </trkpt>
   <trkpt lat="42.19032999984791" lon="-71.50776499949312">
    <ele>105.22</ele>
   </trkpt>
   <trkpt lat="42.18986" lon="-71.5077">
    <ele>105.22</ele>
   </trkpt>
   <trkpt lat="42.189460000000004" lon="-71.50752">
    <ele>105.22</ele>
   </trkpt>
   <trkpt lat="42.189260000000004" lon="-71.50739">
    <ele>105.22</ele>
   </trkpt>
   <trkpt lat="42.18912" lon="-71.50726">
    <ele>105.22</ele>
   </trkpt>
   <trkpt lat="42.18882000000001" lon="-71.5069">
    <ele>105.22</ele>
   </trkpt>
   <trkpt lat="42.18872" lon="-71.50681">
    <ele>105.22</ele>
   </trkpt>
   <trkpt lat="42.1886" lon="-71.50672">
    <ele>105.22</ele>
   </trkpt>
   <trkpt lat="42.188410000000005" lon="-71.50667">
    <ele>105.22</ele>
   </trkpt>
   <trkpt lat="42.1878" lon="-71.50662000000001">
    <ele>105.22</ele>
   </trkpt>
   <trkpt lat="42.187470000000005" lon="-71.50645">
    <ele>101.39</ele>
   </trkpt>
   <trkpt lat="42.18712" lon="-71.50636">
    <ele>101.39</ele>
   </trkpt>
   <trkpt lat="42.186420000000005" lon="-71.50636">
    <ele>101.39</ele>
   </trkpt>
   <trkpt lat="42.1856" lon="-71.5064">
    <ele>101.39</ele>
   </trkpt>
   <trkpt lat="42.18526000000001" lon="-71.50631">
    <ele>101.39</ele>
   </trkpt>
   <trkpt lat="42.184870000000004" lon="-71.50614">
    <ele>101.39</ele>
   </trkpt>
   <trkpt lat="42.18455" lon="-71.50615">
    <ele>101.39</ele>
   </trkpt>
   <trkpt lat="42.1846" lon="-71.50614">
    <ele>101.41000000000001</ele>
   </trkpt>
   <trkpt lat="42.18424" lon="-71.50618">
    <ele>101.41000000000001</ele>
   </trkpt>
   <trkpt lat="42.18413" lon="-71.50617000000001">
    <ele>101.41000000000001</ele>
   </trkpt>
   <trkpt lat="42.183840000000004" lon="-71.50604000000001">
    <ele>100.69</ele>
   </trkpt>
   <trkpt lat="42.18372" lon="-71.50592">
    <ele>100.69</ele>
   </trkpt>
   <trkpt lat="42.18366" lon="-71.50582">
    <ele>100.69</ele>
   </trkpt>
   <trkpt lat="42.18359" lon="-71.50578">
    <ele>100.69</ele>
   </trkpt>
   <trkpt lat="42.18352" lon="-71.50561">
    <ele>100.69</ele>
   </trkpt>
   <trkpt lat="42.18278" lon="-71.50582">
    <ele>98.39</ele>
   </trkpt>
   <trkpt lat="42.18223499987479" lon="-71.50592500093842">
    <ele>98.15</ele>
   </trkpt>
   <trkpt lat="42.18169" lon="-71.50603000000001">
    <ele>98.38000000000001</ele>
   </trkpt>
   <trkpt lat="42.18166" lon="-71.50586000000001">
    <ele>98.30000000000001</ele>
   </trkpt>
   <trkpt lat="42.181700000000006" lon="-71.50558000000001">
    <ele>98.27000000000001</ele>
   </trkpt>
   <trkpt lat="42.181740000000005" lon="-71.50546">
    <ele>98.52000000000001</ele>
   </trkpt>
   <trkpt lat="42.18186" lon="-71.50524">
    <ele>98.86</ele>
   </trkpt>
   <trkpt lat="42.18187" lon="-71.5051">
    <ele>98.86</ele>
   </trkpt>
   <trkpt lat="42.181250000000006" lon="-71.50523000000001">
    <ele>98.69000000000001</ele>
   </trkpt>
   <trkpt lat="42.180870000000006" lon="-71.50533">
    <ele>98.63000000000001</ele>
   </trkpt>
   <trkpt lat="42.18029000042689" lon="-71.50556667103261">
    <ele>98.88000000000001</ele>
   </trkpt>
   <trkpt lat="42.17971000036735" lon="-71.50580333772353">
    <ele>98.69000000000001</ele>
   </trkpt>
   <trkpt lat="42.17913" lon="-71.50604000000001">
    <ele>98.87</ele>
   </trkpt>
   <trkpt lat="42.178810000000006" lon="-71.50622">
    <ele>99.16000000000001</ele>
   </trkpt>
   <trkpt lat="42.17855" lon="-71.50628">
    <ele>99.31</ele>
   </trkpt>
   <trkpt lat="42.17796000033518" lon="-71.50654500245885">
    <ele>99.38000000000001</ele>
   </trkpt>
   <trkpt lat="42.17737" lon="-71.50681">
    <ele>99.03</ele>
   </trkpt>
   <trkpt lat="42.176637501780895" lon="-71.50718001285804">
    <ele>99.11</ele>
   </trkpt>
   <trkpt lat="42.175905002372865" lon="-71.5075500171446">
    <ele>98.53</ele>
   </trkpt>
   <trkpt lat="42.17517250177594" lon="-71.50792001286011">
    <ele>97.45</ele>
   </trkpt>
   <trkpt lat="42.174440000000004" lon="-71.50829">
    <ele>96.39</ele>
   </trkpt>
   <trkpt lat="42.17427" lon="-71.50833">
    <ele>95.98</ele>
   </trkpt>
   <trkpt lat="42.174260000000004" lon="-71.50847">
    <ele>95.85000000000001</ele>
   </trkpt>
   <trkpt lat="42.17400000000001" lon="-71.50852">
    <ele>95.16000000000001</ele>
   </trkpt>
   <trkpt lat="42.173380000940746" lon="-71.5088433396553">
    <ele>94.11000000000001</ele>
   </trkpt>
   <trkpt lat="42.172760000973575" lon="-71.50916667297142">
    <ele>93.4</ele>
   </trkpt>
   <trkpt lat="42.172140000000006" lon="-71.50949">
    <ele>93.30000000000001</ele>
   </trkpt>
   <trkpt lat="42.17181" lon="-71.50963">
    <ele>92.65</ele>
   </trkpt>
   <trkpt lat="42.17128" lon="-71.50981">
    <ele>92.06</ele>
   </trkpt>
   <trkpt lat="42.170790000000004" lon="-71.5099">
    <ele>91.6</ele>
   </trkpt>
   <trkpt lat="42.170550000000006" lon="-71.50999">
    <ele>91.62</ele>
   </trkpt>
   <trkpt lat="42.17045" lon="-71.50998">
    <ele>91.59</ele>
   </trkpt>
   <trkpt lat="42.170320000000004" lon="-71.50998">
    <ele>91.59</ele>
   </trkpt>
   <trkpt lat="42.17022" lon="-71.50993000000001">
    <ele>91.55000000000001</ele>
   </trkpt>
   <trkpt lat="42.16944333331806" lon="-71.50994666707632">
    <ele>91.16</ele>
   </trkpt>
   <trkpt lat="42.16866666663368" lon="-71.50996333374337">
    <ele>90.48</ele>
   </trkpt>
   <trkpt lat="42.16789000000001" lon="-71.50998">
    <ele>90.64000000000001</ele>
   </trkpt>
   <trkpt lat="42.16785" lon="-71.50994">
    <ele>90.64000000000001</ele>
   </trkpt>
   <trkpt lat="42.16780000000001" lon="-71.50985">
    <ele>90.64000000000001</ele>
   </trkpt>
   <trkpt lat="42.16778" lon="-71.50923">
    <ele>91.44000000000001</ele>
   </trkpt>
   <trkpt lat="42.16765" lon="-71.50904">
    <ele>91.58000000000001</ele>
   </trkpt>
   <trkpt lat="42.16742" lon="-71.50896">
    <ele>91.65</ele>
   </trkpt>
   <trkpt lat="42.16670333337799" lon="-71.50890999886876">
    <ele>93.50000000000001</ele>
   </trkpt>
   <trkpt lat="42.165986666734284" lon="-71.50885999887038">
    <ele>93.22000000000001</ele>
   </trkpt>
   <trkpt lat="42.16527000000001" lon="-71.50881000000001">
    <ele>93.69000000000001</ele>
   </trkpt>
   <trkpt lat="42.165130000000005" lon="-71.50882">
    <ele>93.67</ele>
   </trkpt>
   <trkpt lat="42.16501" lon="-71.50892">
    <ele>93.54</ele>
   </trkpt>
   <trkpt lat="42.16492" lon="-71.50891">
    <ele>93.18</ele>
   </trkpt>
   <trkpt lat="42.16485" lon="-71.50896">
    <ele>92.74</ele>
   </trkpt>
   <trkpt lat="42.16483" lon="-71.509">
    <ele>92.74</ele>
   </trkpt>
   <trkpt lat="42.164840000000005" lon="-71.50909">
    <ele>92.74</ele>
   </trkpt>
   <trkpt lat="42.16514" lon="-71.5095">
    <ele>90.22000000000001</ele>
   </trkpt>
   <trkpt lat="42.165350000000004" lon="-71.50972">
    <ele>88.78000000000002</ele>
   </trkpt>
   <trkpt lat="42.16593" lon="-71.51016">
    <ele>87.48</ele>
   </trkpt>
   <trkpt lat="42.165960000000005" lon="-71.51025">
    <ele>87.48</ele>
   </trkpt>
   <trkpt lat="42.165940000000006" lon="-71.5103">
    <ele>87.53000000000002</ele>
   </trkpt>
   <trkpt lat="42.1659" lon="-71.51033000000001">
    <ele>87.53000000000002</ele>
   </trkpt>
   <trkpt lat="42.165600000000005" lon="-71.51044">
    <ele>87.33</ele>
   </trkpt>
   <trkpt lat="42.16511000022097" lon="-71.5105950011636">
    <ele>87.01</ele>
   </trkpt>
   <trkpt lat="42.164620000000006" lon="-71.51075">
    <ele>86.12</ele>
   </trkpt>
   <trkpt lat="42.16447" lon="-71.51084">
    <ele>85.85000000000001</ele>
   </trkpt>
   <trkpt lat="42.164390000000004" lon="-71.51093">
    <ele>85.72</ele>
   </trkpt>
   <trkpt lat="42.164280000000005" lon="-71.51114000000001">
    <ele>85.71000000000001</ele>
   </trkpt>
   <trkpt lat="42.16424000000001" lon="-71.51133">
    <ele>86.25</ele>
   </trkpt>
   <trkpt lat="42.164170000000006" lon="-71.51217000000001">
    <ele>89.28000000000002</ele>
   </trkpt>
   <trkpt lat="42.164170000000006" lon="-71.51285">
    <ele>91.93</ele>
   </trkpt>
   <trkpt lat="42.16405" lon="-71.51343">
    <ele>93.37</ele>
   </trkpt>
   <trkpt lat="42.163990000000005" lon="-71.51356000000001">
    <ele>93.27000000000001</ele>
   </trkpt>
   <trkpt lat="42.16378" lon="-71.51375">
    <ele>92.86000000000001</ele>
   </trkpt>
   <trkpt lat="42.163700000000006" lon="-71.51388">
    <ele>92.80000000000001</ele>
   </trkpt>
   <trkpt lat="42.163610000000006" lon="-71.51432000000001">
    <ele>92.9</ele>
   </trkpt>
   <trkpt lat="42.16349" lon="-71.51458000000001">
    <ele>92.9</ele>
   </trkpt>
   <trkpt lat="42.163270000000004" lon="-71.51481000000001">
    <ele>92.89000000000001</ele>
   </trkpt>
   <trkpt lat="42.16317" lon="-71.51495">
    <ele>92.85</ele>
   </trkpt>
   <trkpt lat="42.163050000000005" lon="-71.51523">
    <ele>92.85</ele>
   </trkpt>
   <trkpt lat="42.16293" lon="-71.5154">
    <ele>92.91000000000001</ele>
   </trkpt>
   <trkpt lat="42.16284" lon="-71.51559">
    <ele>93.01</ele>
   </trkpt>
   <trkpt lat="42.16284" lon="-71.51572">
    <ele>93.14000000000001</ele>
   </trkpt>
   <trkpt lat="42.16286" lon="-71.51581">
    <ele>93.36000000000001</ele>
   </trkpt>
   <trkpt lat="42.16306" lon="-71.51608">
    <ele>94.36000000000001</ele>
   </trkpt>
   <trkpt lat="42.16313" lon="-71.51625">
    <ele>94.94000000000001</ele>
   </trkpt>
   <trkpt lat="42.163160000000005" lon="-71.51643">
    <ele>95.07</ele>
   </trkpt>
   <trkpt lat="42.16307500226499" lon="-71.51715000084762">
    <ele>95.59</ele>
   </trkpt>
   <trkpt lat="42.16299" lon="-71.51787">
    <ele>95.7</ele>
   </trkpt>
   <trkpt lat="42.16281" lon="-71.51845">
    <ele>94.12</ele>
   </trkpt>
   <trkpt lat="42.1625" lon="-71.51876">
    <ele>93.94000000000001</ele>
   </trkpt>
   <trkpt lat="42.16241" lon="-71.51898">
    <ele>93.94000000000001</ele>
   </trkpt>
   <trkpt lat="42.16239" lon="-71.51921">
    <ele>93.91000000000001</ele>
   </trkpt>
   <trkpt lat="42.16228" lon="-71.51969000000001">
    <ele>93.67</ele>
   </trkpt>
   <trkpt lat="42.16221" lon="-71.52019">
    <ele>93.24</ele>
   </trkpt>
   <trkpt lat="42.162200000000006" lon="-71.52056">
    <ele>92.12</ele>
   </trkpt>
   <trkpt lat="42.16214" lon="-71.52073">
    <ele>91.78000000000002</ele>
   </trkpt>
   <trkpt lat="42.16178" lon="-71.52118">
    <ele>91.7</ele>
   </trkpt>
   <trkpt lat="42.16171000000001" lon="-71.52198">
    <ele>89.8</ele>
   </trkpt>
   <trkpt lat="42.16174" lon="-71.5224">
    <ele>89.09</ele>
   </trkpt>
   <trkpt lat="42.161730000000006" lon="-71.52244">
    <ele>89.09</ele>
   </trkpt>
   <trkpt lat="42.1617" lon="-71.52253">
    <ele>88.98</ele>
   </trkpt>
   <trkpt lat="42.16158" lon="-71.52269000000001">
    <ele>88.96000000000001</ele>
   </trkpt>
   <trkpt lat="42.161390000000004" lon="-71.52284">
    <ele>89.10000000000001</ele>
   </trkpt>
   <trkpt lat="42.161080000000005" lon="-71.52283">
    <ele>88.66</ele>
   </trkpt>
   <trkpt lat="42.16077000000001" lon="-71.52279">
    <ele>88.06000000000002</ele>
   </trkpt>
   <trkpt lat="42.160430000000005" lon="-71.52260000000001">
    <ele>87.69</ele>
   </trkpt>
   <trkpt lat="42.16002" lon="-71.5223">
    <ele>88.28000000000002</ele>
   </trkpt>
   <trkpt lat="42.159690000000005" lon="-71.5219">
    <ele>88.14000000000001</ele>
   </trkpt>
   <trkpt lat="42.159220000000005" lon="-71.5214">
    <ele>87.51</ele>
   </trkpt>
   <trkpt lat="42.15907000000001" lon="-71.52132">
    <ele>87.52</ele>
   </trkpt>
   <trkpt lat="42.1589" lon="-71.52132">
    <ele>87.60000000000001</ele>
   </trkpt>
   <trkpt lat="42.15876" lon="-71.52144000000001">
    <ele>88.21000000000001</ele>
   </trkpt>
   <trkpt lat="42.158500000000004" lon="-71.52189">
    <ele>88.37</ele>
   </trkpt>
   <trkpt lat="42.1584" lon="-71.52194">
    <ele>88.37</ele>
   </trkpt>
   <trkpt lat="42.158260000000006" lon="-71.52194">
    <ele>88.28000000000002</ele>
   </trkpt>
   <trkpt lat="42.15802" lon="-71.5218">
    <ele>88.28000000000002</ele>
   </trkpt>
   <trkpt lat="42.15767" lon="-71.52149">
    <ele>87.85000000000001</ele>
   </trkpt>
   <trkpt lat="42.15749" lon="-71.52117000000001">
    <ele>87.82000000000001</ele>
   </trkpt>
   <trkpt lat="42.15729" lon="-71.52096">
    <ele>87.82000000000001</ele>
   </trkpt>
   <trkpt lat="42.15699" lon="-71.52055">
    <ele>87.68</ele>
   </trkpt>
   <trkpt lat="42.156650000000006" lon="-71.52016">
    <ele>87.31000000000002</ele>
   </trkpt>
   <trkpt lat="42.156600000000005" lon="-71.52015">
    <ele>87.31000000000002</ele>
   </trkpt>
   <trkpt lat="42.156560000000006" lon="-71.52016">
    <ele>87.15</ele>
   </trkpt>
   <trkpt lat="42.15634" lon="-71.52069">
    <ele>86.88000000000001</ele>
   </trkpt>
   <trkpt lat="42.15625" lon="-71.52073">
    <ele>86.88000000000001</ele>
   </trkpt>
   <trkpt lat="42.15598000000001" lon="-71.52058000000001">
    <ele>86.89</ele>
   </trkpt>
   <trkpt lat="42.15588" lon="-71.52059000000001">
    <ele>86.91</ele>
   </trkpt>
   <trkpt lat="42.15574" lon="-71.52071000000001">
    <ele>86.82000000000001</ele>
   </trkpt>
   <trkpt lat="42.15561" lon="-71.5206">
    <ele>86.68</ele>
   </trkpt>
   <trkpt lat="42.15518" lon="-71.51975">
    <ele>86.16</ele>
   </trkpt>
   <trkpt lat="42.15505" lon="-71.51957">
    <ele>86.0</ele>
   </trkpt>
   <trkpt lat="42.15494" lon="-71.51948">
    <ele>85.16000000000001</ele>
   </trkpt>
   <trkpt lat="42.15433" lon="-71.51908">
    <ele>85.05</ele>
   </trkpt>
   <trkpt lat="42.15388000076898" lon="-71.51862499663363">
    <ele>85.12</ele>
   </trkpt>
   <trkpt lat="42.15343" lon="-71.51817000000001">
    <ele>84.92</ele>
   </trkpt>
   <trkpt lat="42.152770000000004" lon="-71.51756">
    <ele>84.17</ele>
   </trkpt>
   <trkpt lat="42.15207" lon="-71.51729">
    <ele>83.27000000000001</ele>
   </trkpt>
   <trkpt lat="42.15189" lon="-71.51725">
    <ele>83.37000000000002</ele>
   </trkpt>
   <trkpt lat="42.15103000089079" lon="-71.51693332473583">
    <ele>84.34</ele>
   </trkpt>
   <trkpt lat="42.150170000910805" lon="-71.51661665807671">
    <ele>83.66000000000001</ele>
   </trkpt>
   <trkpt lat="42.14931000000001" lon="-71.5163">
    <ele>84.92</ele>
   </trkpt>
   <trkpt lat="42.149060000000006" lon="-71.51634">
    <ele>84.93</ele>
   </trkpt>
   <trkpt lat="42.14852000017587" lon="-71.51615999847624">
    <ele>85.09000000000002</ele>
   </trkpt>
   <trkpt lat="42.147980000000004" lon="-71.51598">
    <ele>84.94</ele>
   </trkpt>
   <trkpt lat="42.14775" lon="-71.51586">
    <ele>84.73000000000002</ele>
   </trkpt>
   <trkpt lat="42.14741" lon="-71.51581">
    <ele>84.44</ele>
   </trkpt>
   <trkpt lat="42.14719" lon="-71.51572">
    <ele>84.24000000000001</ele>
   </trkpt>
   <trkpt lat="42.14744" lon="-71.51474">
    <ele>83.17</ele>
   </trkpt>
   <trkpt lat="42.14746" lon="-71.51455">
    <ele>83.17</ele>
   </trkpt>
   <trkpt lat="42.14746" lon="-71.51413000000001">
    <ele>82.69000000000001</ele>
   </trkpt>
   <trkpt lat="42.147420000000004" lon="-71.51406">
    <ele>82.69000000000001</ele>
   </trkpt>
   <trkpt lat="42.147240000000004" lon="-71.51401">
    <ele>82.32000000000001</ele>
   </trkpt>
   <trkpt lat="42.14717" lon="-71.51397">
    <ele>82.32000000000001</ele>
   </trkpt>
   <trkpt lat="42.146930000000005" lon="-71.51366">
    <ele>82.25</ele>
   </trkpt>
   <trkpt lat="42.14674" lon="-71.51347000000001">
    <ele>82.42</ele>
   </trkpt>
   <trkpt lat="42.146550000000005" lon="-71.51334">
    <ele>82.48</ele>
   </trkpt>
   <trkpt lat="42.14632" lon="-71.51325">
    <ele>82.48</ele>
   </trkpt>
   <trkpt lat="42.145790000000005" lon="-71.51312">
    <ele>82.69000000000001</ele>
   </trkpt>
   <trkpt lat="42.14532000008208" lon="-71.51313500010878">
    <ele>82.60000000000001</ele>
   </trkpt>
   <trkpt lat="42.144850000000005" lon="-71.51315000000001">
    <ele>82.60000000000001</ele>
   </trkpt>
   <trkpt lat="42.14475" lon="-71.51318">
    <ele>82.60000000000001</ele>
   </trkpt>
   <trkpt lat="42.14439" lon="-71.51325">
    <ele>82.48</ele>
   </trkpt>
   <trkpt lat="42.144400000000005" lon="-71.51343">
    <ele>82.52000000000001</ele>
   </trkpt>
   <trkpt lat="42.1437" lon="-71.51352">
    <ele>83.31</ele>
   </trkpt>
   <trkpt lat="42.14369000000001" lon="-71.51397">
    <ele>83.31</ele>
   </trkpt>
   <trkpt lat="42.14365" lon="-71.51456">
    <ele>83.49000000000001</ele>
   </trkpt>
   <trkpt lat="42.14358" lon="-71.51455">
    <ele>83.55000000000001</ele>
   </trkpt>
   <trkpt lat="42.143530000000005" lon="-71.51485000000001">
    <ele>84.15</ele>
   </trkpt>
   <trkpt lat="42.143390000000004" lon="-71.51545">
    <ele>85.74000000000001</ele>
   </trkpt>
   <trkpt lat="42.14316" lon="-71.51616">
    <ele>88.88</ele>
   </trkpt>
   <trkpt lat="42.143040000000006" lon="-71.51648">
    <ele>89.34</ele>
   </trkpt>
   <trkpt lat="42.142810000000004" lon="-71.51701">
    <ele>90.75000000000001</ele>
   </trkpt>
   <trkpt lat="42.14247" lon="-71.51768000000001">
    <ele>91.29</ele>
   </trkpt>
   <trkpt lat="42.142080003790106" lon="-71.51833667467903">
    <ele>91.88</ele>
   </trkpt>
   <trkpt lat="42.14169000383583" lon="-71.5189933412686">
    <ele>93.24</ele>
   </trkpt>
   <trkpt lat="42.1413" lon="-71.51965000000001">
    <ele>94.82</ele>
   </trkpt>
   <trkpt lat="42.141130000000004" lon="-71.51984">
    <ele>94.91000000000001</ele>
   </trkpt>
   <trkpt lat="42.140950000000004" lon="-71.51998">
    <ele>95.02000000000001</ele>
   </trkpt>
   <trkpt lat="42.14053500007229" lon="-71.52024500188531">
    <ele>94.92</ele>
   </trkpt>
   <trkpt lat="42.14012" lon="-71.52051">
    <ele>94.89</ele>
   </trkpt>
   <trkpt lat="42.139630000223406" lon="-71.52080000232795">
    <ele>94.67</ele>
   </trkpt>
   <trkpt lat="42.139140000000005" lon="-71.52109">
    <ele>94.9</ele>
   </trkpt>
   <trkpt lat="42.138470000000005" lon="-71.52176">
    <ele>95.77000000000001</ele>
   </trkpt>
   <trkpt lat="42.13792" lon="-71.52216">
    <ele>95.24000000000001</ele>
   </trkpt>
   <trkpt lat="42.137323335163664" lon="-71.52261667525704">
    <ele>93.73</ele>
   </trkpt>
   <trkpt lat="42.13672666851649" lon="-71.52307334190868">
    <ele>91.71000000000001</ele>
   </trkpt>
   <trkpt lat="42.13613" lon="-71.52353000000001">
    <ele>90.44</ele>
   </trkpt>
   <trkpt lat="42.135830000000006" lon="-71.52386">
    <ele>89.54</ele>
   </trkpt>
   <trkpt lat="42.135180000000005" lon="-71.52467">
    <ele>87.75</ele>
   </trkpt>
   <trkpt lat="42.13497" lon="-71.52495">
    <ele>87.3</ele>
   </trkpt>
   <trkpt lat="42.13446250529134" lon="-71.52558751532736">
    <ele>86.09000000000002</ele>
   </trkpt>
   <trkpt lat="42.13395500705374" lon="-71.52622502043793">
    <ele>85.81000000000002</ele>
   </trkpt>
   <trkpt lat="42.1334475052873" lon="-71.52686251533203">
    <ele>86.23</ele>
   </trkpt>
   <trkpt lat="42.132940000000005" lon="-71.5275">
    <ele>88.04</ele>
   </trkpt>
   <trkpt lat="42.132600000000004" lon="-71.52785">
    <ele>91.56</ele>
   </trkpt>
   <trkpt lat="42.13196000000001" lon="-71.52824000000001">
    <ele>95.0</ele>
   </trkpt>
   <trkpt lat="42.131400000000006" lon="-71.52865">
    <ele>97.34</ele>
   </trkpt>
   <trkpt lat="42.13116" lon="-71.52804">
    <ele>97.54</ele>
   </trkpt>
   <trkpt lat="42.130480000000006" lon="-71.52762">
    <ele>97.80000000000001</ele>
   </trkpt>
   <trkpt lat="42.130120000000005" lon="-71.52736">
    <ele>97.18</ele>
   </trkpt>
   <trkpt lat="42.12944000274458" lon="-71.52656999156022">
    <ele>95.18</ele>
   </trkpt>
   <trkpt lat="42.12876000000001" lon="-71.52578000000001">
    <ele>93.76</ele>
   </trkpt>
   <trkpt lat="42.1287" lon="-71.52566">
    <ele>93.56</ele>
   </trkpt>
   <trkpt lat="42.128255000008195" lon="-71.52581500112231">
    <ele>94.7</ele>
   </trkpt>
   <trkpt lat="42.127810000000004" lon="-71.52597">
    <ele>95.60000000000001</ele>
   </trkpt>
   <trkpt lat="42.127320000000005" lon="-71.52607">
    <ele>96.23</ele>
   </trkpt>
   <trkpt lat="42.127210000000005" lon="-71.52615">
    <ele>96.29</ele>
   </trkpt>
   <trkpt lat="42.126810000000006" lon="-71.52647">
    <ele>96.25</ele>
   </trkpt>
   <trkpt lat="42.12644" lon="-71.52672000000001">
    <ele>97.48</ele>
   </trkpt>
   <trkpt lat="42.12633" lon="-71.52677">
    <ele>97.71000000000001</ele>
   </trkpt>
   <trkpt lat="42.12568" lon="-71.52695">
    <ele>97.46000000000001</ele>
   </trkpt>
   <trkpt lat="42.125440000000005" lon="-71.52708000000001">
    <ele>97.14</ele>
   </trkpt>
   <trkpt lat="42.125020000000006" lon="-71.5271">
    <ele>97.76</ele>
   </trkpt>
   <trkpt lat="42.12476" lon="-71.52716000000001">
    <ele>98.32000000000001</ele>
   </trkpt>
   <trkpt lat="42.124750000000006" lon="-71.527">
    <ele>99.66000000000001</ele>
   </trkpt>
   <trkpt lat="42.124900000000004" lon="-71.5261">
    <ele>101.66000000000001</ele>
   </trkpt>
   <trkpt lat="42.12491000000001" lon="-71.52574">
    <ele>101.47</ele>
   </trkpt>
   <trkpt lat="42.12485" lon="-71.52534">
    <ele>101.8</ele>
   </trkpt>
   <trkpt lat="42.12471" lon="-71.52502000000001">
    <ele>102.66000000000001</ele>
   </trkpt>
   <trkpt lat="42.124590000000005" lon="-71.52481">
    <ele>104.03000000000002</ele>
   </trkpt>
   <trkpt lat="42.124500000000005" lon="-71.52471">
    <ele>105.03000000000002</ele>
   </trkpt>
   <trkpt lat="42.12422" lon="-71.52449">
    <ele>106.43</ele>
   </trkpt>
   <trkpt lat="42.12376500016306" lon="-71.52428999855906">
    <ele>108.54</ele>
   </trkpt>
   <trkpt lat="42.123310000000004" lon="-71.52409">
    <ele>109.91000000000001</ele>
   </trkpt>
   <trkpt lat="42.12308" lon="-71.52396">
    <ele>109.91000000000001</ele>
   </trkpt>
   <trkpt lat="42.122980000000005" lon="-71.52381000000001">
    <ele>111.39</ele>
   </trkpt>
   <trkpt lat="42.12274" lon="-71.52325">
    <ele>112.03</ele>
   </trkpt>
   <trkpt lat="42.122600000000006" lon="-71.52306">
    <ele>112.03</ele>
   </trkpt>
   <trkpt lat="42.12228" lon="-71.5228">
    <ele>111.12</ele>
   </trkpt>
   <trkpt lat="42.12181" lon="-71.52248">
    <ele>109.44000000000001</ele>
   </trkpt>
   <trkpt lat="42.12171" lon="-71.52239">
    <ele>109.24</ele>
   </trkpt>
   <trkpt lat="42.1216" lon="-71.52225">
    <ele>109.09</ele>
   </trkpt>
   <trkpt lat="42.121190000000006" lon="-71.52148000000001">
    <ele>110.62</ele>
   </trkpt>
   <trkpt lat="42.12107" lon="-71.52113">
    <ele>111.00000000000001</ele>
   </trkpt>
   <trkpt lat="42.12106" lon="-71.52095">
    <ele>111.00000000000001</ele>
   </trkpt>
   <trkpt lat="42.12107" lon="-71.52074">
    <ele>110.61000000000001</ele>
   </trkpt>
   <trkpt lat="42.121140000000004" lon="-71.52024">
    <ele>109.09</ele>
   </trkpt>
   <trkpt lat="42.12113" lon="-71.51998">
    <ele>107.33000000000001</ele>
   </trkpt>
   <trkpt lat="42.121100000000006" lon="-71.51979">
    <ele>106.87</ele>
   </trkpt>
   <trkpt lat="42.12095" lon="-71.51942000000001">
    <ele>105.57000000000001</ele>
   </trkpt>
   <trkpt lat="42.12053000325669" lon="-71.51855499428389">
    <ele>102.49000000000001</ele>
   </trkpt>
   <trkpt lat="42.120110000000004" lon="-71.51769">
    <ele>100.82000000000001</ele>
   </trkpt>
   <trkpt lat="42.11968500293284" lon="-71.51687499462824">
    <ele>101.34000000000002</ele>
   </trkpt>
   <trkpt lat="42.119260000000004" lon="-71.51606000000001">
    <ele>98.65</ele>
   </trkpt>
   <trkpt lat="42.119040000000005" lon="-71.51568">
    <ele>96.91000000000001</ele>
   </trkpt>
   <trkpt lat="42.118840000000006" lon="-71.51554">
    <ele>94.99000000000001</ele>
   </trkpt>
   <trkpt lat="42.11839000011042" lon="-71.51537999886355">
    <ele>92.85</ele>
   </trkpt>
   <trkpt lat="42.117940000000004" lon="-71.51522">
    <ele>91.69000000000001</ele>
   </trkpt>
   <trkpt lat="42.11771" lon="-71.51512000000001">
    <ele>91.19000000000001</ele>
   </trkpt>
   <trkpt lat="42.11751" lon="-71.51491">
    <ele>90.12</ele>
   </trkpt>
   <trkpt lat="42.1174" lon="-71.51469">
    <ele>88.93</ele>
   </trkpt>
   <trkpt lat="42.11731" lon="-71.51419">
    <ele>86.09000000000002</ele>
   </trkpt>
   <trkpt lat="42.11724" lon="-71.51353">
    <ele>84.33</ele>
   </trkpt>
   <trkpt lat="42.11679" lon="-71.51375">
    <ele>83.62000000000002</ele>
   </trkpt>
   <trkpt lat="42.11605" lon="-71.51406">
    <ele>84.66000000000001</ele>
   </trkpt>
   <trkpt lat="42.11560500038454" lon="-71.51421500099073">
    <ele>85.60000000000001</ele>
   </trkpt>
   <trkpt lat="42.11516" lon="-71.51437">
    <ele>82.47</ele>
   </trkpt>
   <trkpt lat="42.11498" lon="-71.51447">
    <ele>82.47</ele>
   </trkpt>
   <trkpt lat="42.11484" lon="-71.51459000000001">
    <ele>81.41000000000001</ele>
   </trkpt>
   <trkpt lat="42.114700000000006" lon="-71.51467000000001">
    <ele>80.73</ele>
   </trkpt>
   <trkpt lat="42.11416000007821" lon="-71.51491500217018">
    <ele>79.14</ele>
   </trkpt>
   <trkpt lat="42.113620000000004" lon="-71.51516000000001">
    <ele>79.06</ele>
   </trkpt>
   <trkpt lat="42.11328" lon="-71.51527">
    <ele>79.33000000000001</ele>
   </trkpt>
   <trkpt lat="42.11299" lon="-71.51531">
    <ele>78.76</ele>
   </trkpt>
   <trkpt lat="42.11269" lon="-71.51513">
    <ele>78.51</ele>
   </trkpt>
   <trkpt lat="42.11213000160803" lon="-71.51469999240388">
    <ele>79.35000000000001</ele>
   </trkpt>
   <trkpt lat="42.11157000161067" lon="-71.51426999240601">
    <ele>80.78</ele>
   </trkpt>
   <trkpt lat="42.11101" lon="-71.51384">
    <ele>80.88000000000001</ele>
   </trkpt>
   <trkpt lat="42.11066" lon="-71.51366">
    <ele>80.15</ele>
   </trkpt>
   <trkpt lat="42.11037" lon="-71.51355000000001">
    <ele>79.66000000000001</ele>
   </trkpt>
   <trkpt lat="42.110240000000005" lon="-71.51352">
    <ele>79.29</ele>
   </trkpt>
   <trkpt lat="42.10992" lon="-71.51352">
    <ele>78.69000000000001</ele>
   </trkpt>
   <trkpt lat="42.10963" lon="-71.51362">
    <ele>78.41000000000001</ele>
   </trkpt>
   <trkpt lat="42.109260000000006" lon="-71.51383000000001">
    <ele>78.13000000000001</ele>
   </trkpt>
   <trkpt lat="42.1088" lon="-71.5141">
    <ele>77.83000000000001</ele>
   </trkpt>
   <trkpt lat="42.10821000000001" lon="-71.51441000000001">
    <ele>77.02000000000001</ele>
   </trkpt>
   <trkpt lat="42.107960000000006" lon="-71.51447">
    <ele>76.82</ele>
   </trkpt>
   <trkpt lat="42.10765000000001" lon="-71.51452">
    <ele>76.41000000000001</ele>
   </trkpt>
   <trkpt lat="42.10707" lon="-71.51459000000001">
    <ele>76.14</ele>
   </trkpt>
   <trkpt lat="42.10625" lon="-71.51455">
    <ele>75.48</ele>
   </trkpt>
   <trkpt lat="42.10556333339836" lon="-71.51448999870324">
    <ele>74.85</ele>
   </trkpt>
   <trkpt lat="42.10487666676545" lon="-71.5144299987062">
    <ele>74.53000000000002</ele>
   </trkpt>
   <trkpt lat="42.10419" lon="-71.51437">
    <ele>73.9</ele>
   </trkpt>
   <trkpt lat="42.103464999828745" lon="-71.51435499982492">
    <ele>73.39000000000001</ele>
   </trkpt>
   <trkpt lat="42.102740000000004" lon="-71.51434">
    <ele>72.29</ele>
   </trkpt>
   <trkpt lat="42.10195000010959" lon="-71.51421666358986">
    <ele>71.28000000000002</ele>
   </trkpt>
   <trkpt lat="42.101160000087106" lon="-71.51409333025308">
    <ele>71.61</ele>
   </trkpt>
   <trkpt lat="42.100370000000005" lon="-71.51397">
    <ele>71.7</ele>
   </trkpt>
   <trkpt lat="42.100030000000004" lon="-71.5138">
    <ele>71.33</ele>
   </trkpt>
   <trkpt lat="42.09962" lon="-71.51375">
    <ele>70.89</ele>
   </trkpt>
   <trkpt lat="42.09894000047179" lon="-71.51340999633905">
    <ele>70.76</ele>
   </trkpt>
   <trkpt lat="42.09826" lon="-71.51307">
    <ele>70.06000000000002</ele>
   </trkpt>
   <trkpt lat="42.098130000000005" lon="-71.5129">
    <ele>70.0</ele>
   </trkpt>
   <trkpt lat="42.098020000000005" lon="-71.51271000000001">
    <ele>69.94</ele>
   </trkpt>
   <trkpt lat="42.097950000000004" lon="-71.51248000000001">
    <ele>69.94</ele>
   </trkpt>
   <trkpt lat="42.097390000000004" lon="-71.51267">
    <ele>69.4</ele>
   </trkpt>
   <trkpt lat="42.09716" lon="-71.51272">
    <ele>69.29</ele>
   </trkpt>
   <trkpt lat="42.09705" lon="-71.51272">
    <ele>69.05</ele>
   </trkpt>
   <trkpt lat="42.09650499994704" lon="-71.51257999876144">
    <ele>68.8</ele>
   </trkpt>
   <trkpt lat="42.095960000000005" lon="-71.51244000000001">
    <ele>68.44</ele>
   </trkpt>
   <trkpt lat="42.095780000000005" lon="-71.51245">
    <ele>68.4</ele>
   </trkpt>
   <trkpt lat="42.095150000000004" lon="-71.51263">
    <ele>68.17</ele>
   </trkpt>
   <trkpt lat="42.095000000000006" lon="-71.51259">
    <ele>68.02000000000001</ele>
   </trkpt>
   <trkpt lat="42.09463" lon="-71.51249">
    <ele>68.06</ele>
   </trkpt>
   <trkpt lat="42.094460000000005" lon="-71.51334">
    <ele>68.31</ele>
   </trkpt>
   <trkpt lat="42.09438" lon="-71.51361">
    <ele>67.98</ele>
   </trkpt>
   <trkpt lat="42.09429" lon="-71.51379">
    <ele>67.84</ele>
   </trkpt>
   <trkpt lat="42.09411" lon="-71.51405000000001">
    <ele>67.69</ele>
   </trkpt>
   <trkpt lat="42.093900000000005" lon="-71.51424">
    <ele>67.56</ele>
   </trkpt>
   <trkpt lat="42.09317" lon="-71.51482">
    <ele>66.84</ele>
   </trkpt>
   <trkpt lat="42.09275" lon="-71.51509">
    <ele>65.80000000000001</ele>
   </trkpt>
   <trkpt lat="42.09259" lon="-71.51478">
    <ele>66.0</ele>
   </trkpt>
   <trkpt lat="42.09228" lon="-71.5141">
    <ele>66.46000000000001</ele>
   </trkpt>
   <trkpt lat="42.09190500369287" lon="-71.51317999460684">
    <ele>63.80000000000001</ele>
   </trkpt>
   <trkpt lat="42.091530000000006" lon="-71.51226000000001">
    <ele>62.88</ele>
   </trkpt>
   <trkpt lat="42.091370000000005" lon="-71.51191">
    <ele>62.74</ele>
   </trkpt>
   <trkpt lat="42.090830000000004" lon="-71.51105000000001">
    <ele>65.05000000000001</ele>
   </trkpt>
   <trkpt lat="42.09062" lon="-71.51079">
    <ele>66.59</ele>
   </trkpt>
   <trkpt lat="42.09017" lon="-71.51031">
    <ele>68.16000000000001</ele>
   </trkpt>
   <trkpt lat="42.089830000000006" lon="-71.5099">
    <ele>69.15</ele>
   </trkpt>
   <trkpt lat="42.089560000000006" lon="-71.50936">
    <ele>70.13000000000001</ele>
   </trkpt>
   <trkpt lat="42.08946" lon="-71.509">
    <ele>71.34</ele>
   </trkpt>
   <trkpt lat="42.089420000000004" lon="-71.50869">
    <ele>71.81000000000002</ele>
   </trkpt>
   <trkpt lat="42.08941" lon="-71.50843">
    <ele>72.37</ele>
   </trkpt>
   <trkpt lat="42.08941" lon="-71.50731">
    <ele>72.92000000000002</ele>
   </trkpt>
   <trkpt lat="42.08937" lon="-71.50622">
    <ele>73.55</ele>
   </trkpt>
   <trkpt lat="42.08930500313714" lon="-71.50536999914064">
    <ele>72.96000000000001</ele>
   </trkpt>
   <trkpt lat="42.089240000000004" lon="-71.50452">
    <ele>73.2</ele>
   </trkpt>
   <trkpt lat="42.089127513478466" lon="-71.50350249455245">
    <ele>73.37</ele>
   </trkpt>
   <trkpt lat="42.08901501796875" lon="-71.50248499271368">
    <ele>74.46000000000001</ele>
   </trkpt>
   <trkpt lat="42.08890251347086" lon="-71.5014674944839">
    <ele>74.61000000000001</ele>
   </trkpt>
   <trkpt lat="42.08879" lon="-71.50045">
    <ele>74.06</ele>
   </trkpt>
   <trkpt lat="42.08872" lon="-71.49963000000001">
    <ele>76.36000000000001</ele>
   </trkpt>
   <trkpt lat="42.08864000202268" lon="-71.49893999875056">
    <ele>77.69000000000001</ele>
   </trkpt>
   <trkpt lat="42.08856" lon="-71.49825">
    <ele>78.4</ele>
   </trkpt>
   <trkpt lat="42.088210000000004" lon="-71.49772">
    <ele>78.02000000000001</ele>
   </trkpt>
   <trkpt lat="42.088010000000004" lon="-71.49731">
    <ele>77.21</ele>
   </trkpt>
   <trkpt lat="42.08778" lon="-71.49668000000001">
    <ele>76.94000000000001</ele>
   </trkpt>
   <trkpt lat="42.08769" lon="-71.49634">
    <ele>77.23</ele>
   </trkpt>
   <trkpt lat="42.08754000317197" lon="-71.49548499797113">
    <ele>78.55000000000001</ele>
   </trkpt>
   <trkpt lat="42.087390000000006" lon="-71.49463">
    <ele>79.27000000000001</ele>
   </trkpt>
   <trkpt lat="42.08724000422079" lon="-71.49364499773161">
    <ele>77.52000000000001</ele>
   </trkpt>
   <trkpt lat="42.08709" lon="-71.49266">
    <ele>72.97</ele>
   </trkpt>
   <trkpt lat="42.08706" lon="-71.49238000000001">
    <ele>72.10000000000001</ele>
   </trkpt>
   <trkpt lat="42.086991688588554" lon="-71.4913749945925">
    <ele>71.38</ele>
   </trkpt>
   <trkpt lat="42.08692336840842" lon="-71.49036999134951">
    <ele>71.61</ele>
   </trkpt>
   <trkpt lat="42.08685503945964" lon="-71.4893649902713">
    <ele>73.68</ele>
   </trkpt>
   <trkpt lat="42.08678670174228" lon="-71.48835999135812">
    <ele>77.91000000000001</ele>
   </trkpt>
   <trkpt lat="42.086718355256345" lon="-71.48735499461026">
    <ele>79.62</ele>
   </trkpt>
   <trkpt lat="42.086650000000006" lon="-71.48635">
    <ele>79.89</ele>
   </trkpt>
   <trkpt lat="42.08659751084657" lon="-71.48543749779424">
    <ele>80.75</ele>
   </trkpt>
   <trkpt lat="42.086545014464356" lon="-71.48452499709855">
    <ele>81.96000000000001</ele>
   </trkpt>
   <trkpt lat="42.086492510853404" lon="-71.48361249791313">
    <ele>83.08</ele>
   </trkpt>
   <trkpt lat="42.08644" lon="-71.48270000000001">
    <ele>85.46000000000001</ele>
   </trkpt>
   <trkpt lat="42.086490000000005" lon="-71.48205">
    <ele>85.92</ele>
   </trkpt>
   <trkpt lat="42.08655" lon="-71.48169">
    <ele>86.33</ele>
   </trkpt>
   <trkpt lat="42.08671667294199" lon="-71.48084000445142">
    <ele>88.26</ele>
   </trkpt>
   <trkpt lat="42.08688333961158" lon="-71.47999000443662">
    <ele>90.91</ele>
   </trkpt>
   <trkpt lat="42.087050000000005" lon="-71.47914">
    <ele>90.69</ele>
   </trkpt>
   <trkpt lat="42.087050000000005" lon="-71.47915">
    <ele>90.71000000000001</ele>
   </trkpt>
   <trkpt lat="42.08711" lon="-71.47887">
    <ele>90.57000000000001</ele>
   </trkpt>
   <trkpt lat="42.087230000000005" lon="-71.47806">
    <ele>87.26</ele>
   </trkpt>
   <trkpt lat="42.08724" lon="-71.47685">
    <ele>86.94</ele>
   </trkpt>
   <trkpt lat="42.08733" lon="-71.47685">
    <ele>86.0</ele>
   </trkpt>
   <trkpt lat="42.087450000000004" lon="-71.47681">
    <ele>85.55</ele>
   </trkpt>
   <trkpt lat="42.0876" lon="-71.4769">
    <ele>85.03</ele>
   </trkpt>
   <trkpt lat="42.087680000000006" lon="-71.47686">
    <ele>83.08</ele>
   </trkpt>
   <trkpt lat="42.08785" lon="-71.4765">
    <ele>83.07000000000001</ele>
   </trkpt>
   <trkpt lat="42.08789" lon="-71.47637">
    <ele>83.26</ele>
   </trkpt>
   <trkpt lat="42.087970000000006" lon="-71.47623">
    <ele>83.26</ele>
   </trkpt>
   <trkpt lat="42.08816" lon="-71.47614">
    <ele>82.5</ele>
   </trkpt>
   <trkpt lat="42.088170000000005" lon="-71.47609">
    <ele>82.46000000000001</ele>
   </trkpt>
   <trkpt lat="42.0882" lon="-71.47608000000001">
    <ele>82.46000000000001</ele>
   </trkpt>
   <trkpt lat="42.088210000000004" lon="-71.47556">
    <ele>82.76</ele>
   </trkpt>
   <trkpt lat="42.088300000000004" lon="-71.47538">
    <ele>82.49000000000001</ele>
   </trkpt>
   <trkpt lat="42.08886000058248" lon="-71.47571499709967">
    <ele>80.10000000000001</ele>
   </trkpt>
   <trkpt lat="42.089420000000004" lon="-71.47605">
    <ele>78.73</ele>
   </trkpt>
   <trkpt lat="42.090070000000004" lon="-71.47632">
    <ele>78.92999999999999</ele>
   </trkpt>
   <trkpt lat="42.09057000012207" lon="-71.47642499918793">
    <ele>79.2</ele>
   </trkpt>
   <trkpt lat="42.09107" lon="-71.47653000000001">
    <ele>78.24000000000001</ele>
   </trkpt>
   <trkpt lat="42.09161000004107" lon="-71.476569999662">
    <ele>76.15</ele>
   </trkpt>
   <trkpt lat="42.092150000000004" lon="-71.47661000000001">
    <ele>73.28000000000002</ele>
   </trkpt>
   <trkpt lat="42.092690000000005" lon="-71.47655">
    <ele>70.24000000000001</ele>
   </trkpt>
   <trkpt lat="42.093090000000004" lon="-71.47645">
    <ele>69.05</ele>
   </trkpt>
   <trkpt lat="42.09357000000001" lon="-71.47631000000001">
    <ele>67.98</ele>
   </trkpt>
   <trkpt lat="42.09382" lon="-71.47618">
    <ele>67.75</ele>
   </trkpt>
   <trkpt lat="42.09433000000001" lon="-71.47590000000001">
    <ele>68.02000000000001</ele>
   </trkpt>
   <trkpt lat="42.0947600004006" lon="-71.47557000229274">
    <ele>68.54</ele>
   </trkpt>
   <trkpt lat="42.09519" lon="-71.47524">
    <ele>69.42</ele>
   </trkpt>
   <trkpt lat="42.09546" lon="-71.47506">
    <ele>71.91</ele>
   </trkpt>
   <trkpt lat="42.09572" lon="-71.47491000000001">
    <ele>72.66</ele>
   </trkpt>
   <trkpt lat="42.096250000362446" lon="-71.47463000232833">
    <ele>75.51</ele>
   </trkpt>
   <trkpt lat="42.09678" lon="-71.47435">
    <ele>76.45</ele>
   </trkpt>
   <trkpt lat="42.096740000000004" lon="-71.47416000000001">
    <ele>77.75</ele>
   </trkpt>
   <trkpt lat="42.096700000000006" lon="-71.47373">
    <ele>81.79</ele>
   </trkpt>
   <trkpt lat="42.096680000000006" lon="-71.47274">
    <ele>86.09000000000002</ele>
   </trkpt>
   <trkpt lat="42.096615001813326" lon="-71.47208999912655">
    <ele>87.96000000000001</ele>
   </trkpt>
   <trkpt lat="42.09655" lon="-71.47144">
    <ele>87.98</ele>
   </trkpt>
   <trkpt lat="42.09637" lon="-71.47072">
    <ele>85.62</ele>
   </trkpt>
   <trkpt lat="42.09617" lon="-71.47032">
    <ele>84.69</ele>
   </trkpt>
   <trkpt lat="42.09595" lon="-71.47">
    <ele>82.35000000000001</ele>
   </trkpt>
   <trkpt lat="42.095530000000004" lon="-71.46934">
    <ele>80.55000000000001</ele>
   </trkpt>
   <trkpt lat="42.09541" lon="-71.46912">
    <ele>80.28</ele>
   </trkpt>
   <trkpt lat="42.09536000000001" lon="-71.46893">
    <ele>80.84</ele>
   </trkpt>
   <trkpt lat="42.09535" lon="-71.46866">
    <ele>80.71000000000001</ele>
   </trkpt>
   <trkpt lat="42.09541" lon="-71.46821">
    <ele>78.9</ele>
   </trkpt>
   <trkpt lat="42.09559" lon="-71.46732">
    <ele>72.85000000000001</ele>
   </trkpt>
   <trkpt lat="42.09578000149046" lon="-71.46673500173752">
    <ele>70.54</ele>
   </trkpt>
   <trkpt lat="42.09597" lon="-71.46615">
    <ele>70.75</ele>
   </trkpt>
   <trkpt lat="42.096070000000005" lon="-71.4658">
    <ele>70.84</ele>
   </trkpt>
   <trkpt lat="42.09613" lon="-71.46503000000001">
    <ele>70.55</ele>
   </trkpt>
   <trkpt lat="42.096160000000005" lon="-71.46440000000001">
    <ele>70.03</ele>
   </trkpt>
   <trkpt lat="42.09622500219459" lon="-71.46369000065859">
    <ele>70.5</ele>
   </trkpt>
   <trkpt lat="42.09629" lon="-71.46298">
    <ele>71.77</ele>
   </trkpt>
   <trkpt lat="42.09630000000001" lon="-71.46267">
    <ele>70.27</ele>
   </trkpt>
   <trkpt lat="42.096340000000005" lon="-71.46245">
    <ele>68.42</ele>
   </trkpt>
   <trkpt lat="42.096430000000005" lon="-71.46212">
    <ele>66.23</ele>
   </trkpt>
   <trkpt lat="42.096630000000005" lon="-71.46177">
    <ele>64.63000000000001</ele>
   </trkpt>
   <trkpt lat="42.09718" lon="-71.4611">
    <ele>63.97</ele>
   </trkpt>
   <trkpt lat="42.097280000000005" lon="-71.46083">
    <ele>63.160000000000004</ele>
   </trkpt>
   <trkpt lat="42.097350001992936" lon="-71.4601550005996">
    <ele>63.15000000000001</ele>
   </trkpt>
   <trkpt lat="42.09742000000001" lon="-71.45948">
    <ele>63.9</ele>
   </trkpt>
   <trkpt lat="42.09741" lon="-71.45832">
    <ele>63.13</ele>
   </trkpt>
   <trkpt lat="42.09743500328033" lon="-71.45745000052884">
    <ele>64.41000000000001</ele>
   </trkpt>
   <trkpt lat="42.097460000000005" lon="-71.45658">
    <ele>68.38000000000001</ele>
   </trkpt>
   <trkpt lat="42.097528023606124" lon="-71.45541400501688">
    <ele>71.19</ele>
   </trkpt>
   <trkpt lat="42.097596035408785" lon="-71.45424800753251">
    <ele>73.58</ele>
   </trkpt>
   <trkpt lat="42.097664035407945" lon="-71.4530820075474">
    <ele>75.93</ele>
   </trkpt>
   <trkpt lat="42.09773202360355" lon="-71.45191600506189">
    <ele>75.66</ele>
   </trkpt>
   <trkpt lat="42.09780000000001" lon="-71.45075">
    <ele>75.58000000000001</ele>
   </trkpt>
   <trkpt lat="42.09855" lon="-71.45089">
    <ele>74.33000000000001</ele>
   </trkpt>
   <trkpt lat="42.09924" lon="-71.45093">
    <ele>73.63</ele>
   </trkpt>
   <trkpt lat="42.09931" lon="-71.45092000000001">
    <ele>73.46000000000001</ele>
   </trkpt>
   <trkpt lat="42.09962" lon="-71.45093">
    <ele>73.14000000000001</ele>
   </trkpt>
   <trkpt lat="42.0996" lon="-71.45093">
    <ele>73.16</ele>
   </trkpt>
   <trkpt lat="42.10006500027444" lon="-71.45093">
    <ele>71.79</ele>
   </trkpt>
   <trkpt lat="42.100530000000006" lon="-71.45093">
    <ele>70.95</ele>
   </trkpt>
   <trkpt lat="42.10072" lon="-71.4509">
    <ele>70.45000000000002</ele>
   </trkpt>
   <trkpt lat="42.10089000000001" lon="-71.45084">
    <ele>69.65</ele>
   </trkpt>
   <trkpt lat="42.101090000000006" lon="-71.45071">
    <ele>68.43</ele>
   </trkpt>
   <trkpt lat="42.10165000000001" lon="-71.45029000000001">
    <ele>64.93</ele>
   </trkpt>
   <trkpt lat="42.1024150046979" lon="-71.44969002171017">
    <ele>65.67</ele>
   </trkpt>
   <trkpt lat="42.10318000627042" lon="-71.44909002894227">
    <ele>69.53</ele>
   </trkpt>
   <trkpt lat="42.10394500471739" lon="-71.44849002169568">
    <ele>71.10000000000001</ele>
   </trkpt>
   <trkpt lat="42.104710000000004" lon="-71.44789">
    <ele>71.37</ele>
   </trkpt>
   <trkpt lat="42.105030000000006" lon="-71.44767">
    <ele>71.42000000000002</ele>
   </trkpt>
   <trkpt lat="42.105270000000004" lon="-71.44762">
    <ele>71.83</ele>
   </trkpt>
   <trkpt lat="42.10595000007778" lon="-71.44751666888565">
    <ele>72.02</ele>
   </trkpt>
   <trkpt lat="42.10663000006286" lon="-71.44741333555461">
    <ele>72.49000000000001</ele>
   </trkpt>
   <trkpt lat="42.107310000000005" lon="-71.44731">
    <ele>72.93</ele>
   </trkpt>
   <trkpt lat="42.107780000000005" lon="-71.44726">
    <ele>73.28000000000002</ele>
   </trkpt>
   <trkpt lat="42.10824000004094" lon="-71.4471550007635">
    <ele>73.38</ele>
   </trkpt>
   <trkpt lat="42.108700000000006" lon="-71.44705">
    <ele>73.41</ele>
   </trkpt>
   <trkpt lat="42.109" lon="-71.44705">
    <ele>73.53000000000002</ele>
   </trkpt>
   <trkpt lat="42.10922" lon="-71.44713">
    <ele>73.79</ele>
   </trkpt>
   <trkpt lat="42.109880000000004" lon="-71.44748">
    <ele>74.1</ele>
   </trkpt>
   <trkpt lat="42.11069000077422" lon="-71.44790999449005">
    <ele>72.17000000000002</ele>
   </trkpt>
   <trkpt lat="42.11150000000001" lon="-71.44834">
    <ele>70.54</ele>
   </trkpt>
   <trkpt lat="42.11207500043363" lon="-71.44860499765532">
    <ele>70.57000000000001</ele>
   </trkpt>
   <trkpt lat="42.11265" lon="-71.44887">
    <ele>70.45000000000002</ele>
   </trkpt>
   <trkpt lat="42.113130000000005" lon="-71.44900000000001">
    <ele>70.64</ele>
   </trkpt>
   <trkpt lat="42.113350000000004" lon="-71.44901">
    <ele>70.68</ele>
   </trkpt>
   <trkpt lat="42.11359" lon="-71.44896">
    <ele>70.91</ele>
   </trkpt>
   <trkpt lat="42.114090000000004" lon="-71.44896">
    <ele>70.95</ele>
   </trkpt>
   <trkpt lat="42.11450000000001" lon="-71.44902">
    <ele>70.81000000000002</ele>
   </trkpt>
   <trkpt lat="42.114810000000006" lon="-71.44914">
    <ele>70.79</ele>
   </trkpt>
   <trkpt lat="42.115320000000004" lon="-71.44937">
    <ele>71.02</ele>
   </trkpt>
   <trkpt lat="42.115735000276146" lon="-71.44967999786468">
    <ele>71.05</ele>
   </trkpt>
   <trkpt lat="42.116150000000005" lon="-71.44999">
    <ele>70.86</ele>
   </trkpt>
   <trkpt lat="42.116640000000004" lon="-71.45044">
    <ele>70.65</ele>
   </trkpt>
   <trkpt lat="42.116980000000005" lon="-71.45092000000001">
    <ele>70.08</ele>
   </trkpt>
   <trkpt lat="42.11724" lon="-71.45121">
    <ele>69.55</ele>
   </trkpt>
   <trkpt lat="42.11788333620607" lon="-71.45178998818042">
    <ele>68.04</ele>
   </trkpt>
   <trkpt lat="42.1185266694914" lon="-71.45236998813695">
    <ele>66.15</ele>
   </trkpt>
   <trkpt lat="42.119170000000004" lon="-71.45295">
    <ele>63.62000000000001</ele>
   </trkpt>
   <trkpt lat="42.11954000102832" lon="-71.45340999745046">
    <ele>62.64</ele>
   </trkpt>
   <trkpt lat="42.119910000000004" lon="-71.45387000000001">
    <ele>62.57</ele>
   </trkpt>
   <trkpt lat="42.12043000202997" lon="-71.45454999444911">
    <ele>63.77</ele>
   </trkpt>
   <trkpt lat="42.12095" lon="-71.45523">
    <ele>66.25</ele>
   </trkpt>
   <trkpt lat="42.121030000000005" lon="-71.45533">
    <ele>66.42</ele>
   </trkpt>
   <trkpt lat="42.121570000000006" lon="-71.45624000000001">
    <ele>67.5</ele>
   </trkpt>
   <trkpt lat="42.122030000069984" lon="-71.45600500179282">
    <ele>67.19</ele>
   </trkpt>
   <trkpt lat="42.122490000000006" lon="-71.45577">
    <ele>66.83</ele>
   </trkpt>
   <trkpt lat="42.12329000037428" lon="-71.4554550039996">
    <ele>64.16000000000001</ele>
   </trkpt>
   <trkpt lat="42.12409" lon="-71.45514">
    <ele>61.14000000000001</ele>
   </trkpt>
   <trkpt lat="42.124550000063735" lon="-71.455000001023">
    <ele>61.01</ele>
   </trkpt>
   <trkpt lat="42.12501" lon="-71.45486000000001">
    <ele>61.480000000000004</ele>
   </trkpt>
   <trkpt lat="42.12543" lon="-71.4547">
    <ele>61.900000000000006</ele>
   </trkpt>
   <trkpt lat="42.12559" lon="-71.4546">
    <ele>62.35</ele>
   </trkpt>
   <trkpt lat="42.125870000000006" lon="-71.45438">
    <ele>63.65000000000001</ele>
   </trkpt>
   <trkpt lat="42.12632500102747" lon="-71.45391000330488">
    <ele>65.74000000000001</ele>
   </trkpt>
   <trkpt lat="42.126780000000004" lon="-71.45344">
    <ele>66.51</ele>
   </trkpt>
   <trkpt lat="42.12707" lon="-71.45317">
    <ele>67.03</ele>
   </trkpt>
   <trkpt lat="42.12754" lon="-71.45276000000001">
    <ele>67.67</ele>
   </trkpt>
   <trkpt lat="42.128260000000004" lon="-71.45230000000001">
    <ele>69.53</ele>
   </trkpt>
   <trkpt lat="42.12873000030314" lon="-71.45202000209966">
    <ele>71.86</ele>
   </trkpt>
   <trkpt lat="42.129200000000004" lon="-71.45174">
    <ele>72.16</ele>
   </trkpt>
   <trkpt lat="42.12959" lon="-71.45143">
    <ele>71.02</ele>
   </trkpt>
   <trkpt lat="42.12998" lon="-71.45102">
    <ele>68.88000000000001</ele>
   </trkpt>
   <trkpt lat="42.13053400770527" lon="-71.4503540232967">
    <ele>64.23</ele>
   </trkpt>
   <trkpt lat="42.13108801155939" lon="-71.44968803494378">
    <ele>62.92</ele>
   </trkpt>
   <trkpt lat="42.13164201156221" lon="-71.44902203494092">
    <ele>62.6</ele>
   </trkpt>
   <trkpt lat="42.13219600771359" lon="-71.44835602328774">
    <ele>62.43000000000001</ele>
   </trkpt>
   <trkpt lat="42.13275" lon="-71.44769000000001">
    <ele>62.44</ele>
   </trkpt>
   <trkpt lat="42.13313500067242" lon="-71.4472750026038">
    <ele>61.85</ele>
   </trkpt>
   <trkpt lat="42.133520000000004" lon="-71.44686">
    <ele>60.57000000000001</ele>
   </trkpt>
   <trkpt lat="42.1338" lon="-71.44654">
    <ele>59.120000000000005</ele>
   </trkpt>
   <trkpt lat="42.134130000000006" lon="-71.44623">
    <ele>57.03</ele>
   </trkpt>
   <trkpt lat="42.13447" lon="-71.44587">
    <ele>56.42</ele>
   </trkpt>
   <trkpt lat="42.13509000194382" lon="-71.44520000656453">
    <ele>56.68</ele>
   </trkpt>
   <trkpt lat="42.13571" lon="-71.44453">
    <ele>57.230000000000004</ele>
   </trkpt>
   <trkpt lat="42.136030000000005" lon="-71.44404">
    <ele>57.7</ele>
   </trkpt>
   <trkpt lat="42.13631" lon="-71.44358000000001">
    <ele>57.470000000000006</ele>
   </trkpt>
   <trkpt lat="42.13662500076921" lon="-71.44312000250632">
    <ele>57.75</ele>
   </trkpt>
   <trkpt lat="42.13694" lon="-71.44266">
    <ele>58.45</ele>
   </trkpt>
   <trkpt lat="42.13685" lon="-71.44256">
    <ele>58.5</ele>
   </trkpt>
   <trkpt lat="42.13683" lon="-71.44252">
    <ele>58.60000000000001</ele>
   </trkpt>
   <trkpt lat="42.13683" lon="-71.44234">
    <ele>58.60000000000001</ele>
   </trkpt>
   <trkpt lat="42.13709000170505" lon="-71.44171000263046">
    <ele>59.92000000000001</ele>
   </trkpt>
   <trkpt lat="42.137350000000005" lon="-71.44108">
    <ele>60.18</ele>
   </trkpt>
   <trkpt lat="42.137605002002125" lon="-71.44041000255815">
    <ele>61.1</ele>
   </trkpt>
   <trkpt lat="42.13786" lon="-71.43974">
    <ele>60.92</ele>
   </trkpt>
   <trkpt lat="42.13801000265044" lon="-71.43895500198991">
    <ele>60.11</ele>
   </trkpt>
   <trkpt lat="42.138160000000006" lon="-71.43817">
    <ele>60.29</ele>
   </trkpt>
   <trkpt lat="42.138400001391595" lon="-71.43760500212804">
    <ele>60.800000000000004</ele>
   </trkpt>
   <trkpt lat="42.13864" lon="-71.43704000000001">
    <ele>61.050000000000004</ele>
   </trkpt>
   <trkpt lat="42.13877" lon="-71.43678">
    <ele>61.00000000000001</ele>
   </trkpt>
   <trkpt lat="42.138870000000004" lon="-71.43652">
    <ele>61.01</ele>
   </trkpt>
   <trkpt lat="42.139050000000005" lon="-71.43584">
    <ele>61.00000000000001</ele>
   </trkpt>
   <trkpt lat="42.1392" lon="-71.43499">
    <ele>61.07000000000001</ele>
   </trkpt>
   <trkpt lat="42.139415004632234" lon="-71.43395500360359">
    <ele>61.410000000000004</ele>
   </trkpt>
   <trkpt lat="42.139630000000004" lon="-71.43292000000001">
    <ele>60.010000000000005</ele>
   </trkpt>
   <trkpt lat="42.13976500214626" lon="-71.43221500156378">
    <ele>58.940000000000005</ele>
   </trkpt>
   <trkpt lat="42.139900000000004" lon="-71.43151">
    <ele>57.36</ele>
   </trkpt>
   <trkpt lat="42.140040004627295" lon="-71.43047500246226">
    <ele>55.220000000000006</ele>
   </trkpt>
   <trkpt lat="42.14018" lon="-71.42944">
    <ele>56.11000000000001</ele>
   </trkpt>
   <trkpt lat="42.14033000196541" lon="-71.4287750013739">
    <ele>58.27</ele>
   </trkpt>
   <trkpt lat="42.140480000000004" lon="-71.42811">
    <ele>58.34</ele>
   </trkpt>
   <trkpt lat="42.140640000000005" lon="-71.42707">
    <ele>59.17000000000001</ele>
   </trkpt>
   <trkpt lat="42.14065" lon="-71.42689">
    <ele>59.21000000000001</ele>
   </trkpt>
   <trkpt lat="42.14059" lon="-71.42591">
    <ele>58.54</ele>
   </trkpt>
   <trkpt lat="42.140460000000004" lon="-71.42483">
    <ele>56.5</ele>
   </trkpt>
   <trkpt lat="42.140260000000005" lon="-71.42375000000001">
    <ele>52.83</ele>
   </trkpt>
   <trkpt lat="42.1402" lon="-71.42329000000001">
    <ele>52.59</ele>
   </trkpt>
   <trkpt lat="42.14023" lon="-71.4225">
    <ele>53.11000000000001</ele>
   </trkpt>
   <trkpt lat="42.14034" lon="-71.42151000000001">
    <ele>54.650000000000006</ele>
   </trkpt>
   <trkpt lat="42.140350000000005" lon="-71.42125">
    <ele>54.760000000000005</ele>
   </trkpt>
   <trkpt lat="42.140350000000005" lon="-71.42096000000001">
    <ele>54.760000000000005</ele>
   </trkpt>
   <trkpt lat="42.14031000000001" lon="-71.42026">
    <ele>54.84</ele>
   </trkpt>
   <trkpt lat="42.140240000000006" lon="-71.41969">
    <ele>54.93000000000001</ele>
   </trkpt>
   <trkpt lat="42.14009" lon="-71.41883">
    <ele>55.010000000000005</ele>
   </trkpt>
   <trkpt lat="42.13998000206052" lon="-71.41814499895536">
    <ele>55.220000000000006</ele>
   </trkpt>
   <trkpt lat="42.13987" lon="-71.41746">
    <ele>55.35</ele>
   </trkpt>
   <trkpt lat="42.13975000000001" lon="-71.41658000000001">
    <ele>54.940000000000005</ele>
   </trkpt>
   <trkpt lat="42.13962" lon="-71.41606">
    <ele>54.28</ele>
   </trkpt>
   <trkpt lat="42.13938" lon="-71.41524000000001">
    <ele>53.64000000000001</ele>
   </trkpt>
   <trkpt lat="42.13927" lon="-71.41477">
    <ele>53.7</ele>
   </trkpt>
   <trkpt lat="42.13924" lon="-71.41453">
    <ele>54.040000000000006</ele>
   </trkpt>
   <trkpt lat="42.13924" lon="-71.41376000000001">
    <ele>54.84</ele>
   </trkpt>
   <trkpt lat="42.13926" lon="-71.4132">
    <ele>55.720000000000006</ele>
   </trkpt>
   <trkpt lat="42.13937000000001" lon="-71.41203">
    <ele>56.32</ele>
   </trkpt>
   <trkpt lat="42.1394" lon="-71.41131">
    <ele>57.150000000000006</ele>
   </trkpt>
   <trkpt lat="42.1394" lon="-71.41011">
    <ele>59.830000000000005</ele>
   </trkpt>
   <trkpt lat="42.13938000160949" lon="-71.40949999962396">
    <ele>61.50000000000001</ele>
   </trkpt>
   <trkpt lat="42.13936" lon="-71.40889">
    <ele>63.51000000000001</ele>
   </trkpt>
   <trkpt lat="42.13946000000001" lon="-71.40794000000001">
    <ele>65.82000000000001</ele>
   </trkpt>
   <trkpt lat="42.139540000000004" lon="-71.40755">
    <ele>66.77000000000001</ele>
   </trkpt>
   <trkpt lat="42.13979334402119" lon="-71.40644000892843">
    <ele>69.46000000000001</ele>
   </trkpt>
   <trkpt lat="42.14004667734392" lon="-71.40533000897511">
    <ele>72.48</ele>
   </trkpt>
   <trkpt lat="42.1403" lon="-71.40422000000001">
    <ele>73.02</ele>
   </trkpt>
   <trkpt lat="42.14038" lon="-71.40423000000001">
    <ele>73.13</ele>
   </trkpt>
   <trkpt lat="42.140556673551" lon="-71.4033400049342">
    <ele>70.92000000000002</ele>
   </trkpt>
   <trkpt lat="42.140733340224074" lon="-71.40245000490204">
    <ele>68.83</ele>
   </trkpt>
   <trkpt lat="42.140910000000005" lon="-71.40156">
    <ele>67.72</ele>
   </trkpt>
   <trkpt lat="42.14094" lon="-71.40133">
    <ele>67.66000000000001</ele>
   </trkpt>
   <trkpt lat="42.14094" lon="-71.40092">
    <ele>67.64</ele>
   </trkpt>
   <trkpt lat="42.140910000000005" lon="-71.40060000000001">
    <ele>67.47</ele>
   </trkpt>
   <trkpt lat="42.14078000158463" lon="-71.39998999860269">
    <ele>66.58</ele>
   </trkpt>
   <trkpt lat="42.14065" lon="-71.39938000000001">
    <ele>66.24000000000001</ele>
   </trkpt>
   <trkpt lat="42.14059" lon="-71.39905">
    <ele>66.2</ele>
   </trkpt>
   <trkpt lat="42.14059" lon="-71.39899000000001">
    <ele>66.2</ele>
   </trkpt>
   <trkpt lat="42.14052" lon="-71.39886">
    <ele>66.14</ele>
   </trkpt>
   <trkpt lat="42.140480000000004" lon="-71.39869">
    <ele>65.85000000000001</ele>
   </trkpt>
   <trkpt lat="42.140370000000004" lon="-71.3982">
    <ele>65.33</ele>
   </trkpt>
   <trkpt lat="42.14038" lon="-71.39811">
    <ele>65.33</ele>
   </trkpt>
   <trkpt lat="42.140350000000005" lon="-71.39792">
    <ele>65.11</ele>
   </trkpt>
   <trkpt lat="42.14032" lon="-71.39787000000001">
    <ele>64.19000000000001</ele>
   </trkpt>
   <trkpt lat="42.140260000000005" lon="-71.39734">
    <ele>62.78</ele>
   </trkpt>
   <trkpt lat="42.14021" lon="-71.39666000000001">
    <ele>58.870000000000005</ele>
   </trkpt>
   <trkpt lat="42.14025" lon="-71.39658">
    <ele>58.620000000000005</ele>
   </trkpt>
   <trkpt lat="42.14025" lon="-71.39645">
    <ele>58.52</ele>
   </trkpt>
   <trkpt lat="42.14022000000001" lon="-71.3964">
    <ele>57.550000000000004</ele>
   </trkpt>
   <trkpt lat="42.140190000000004" lon="-71.39582">
    <ele>54.00000000000001</ele>
   </trkpt>
   <trkpt lat="42.14023" lon="-71.39540000000001">
    <ele>52.15</ele>
   </trkpt>
   <trkpt lat="42.140150000000006" lon="-71.39534">
    <ele>51.82000000000001</ele>
   </trkpt>
   <trkpt lat="42.14034500488126" lon="-71.39428000324784">
    <ele>44.68000000000001</ele>
   </trkpt>
   <trkpt lat="42.14054" lon="-71.39322">
    <ele>42.300000000000004</ele>
   </trkpt>
   <trkpt lat="42.14062334156741" lon="-71.39224666913745">
    <ele>42.09</ele>
   </trkpt>
   <trkpt lat="42.14070667490858" lon="-71.39127333571284">
    <ele>42.24000000000001</ele>
   </trkpt>
   <trkpt lat="42.14079" lon="-71.39030000000001">
    <ele>42.0</ele>
   </trkpt>
   <trkpt lat="42.14079" lon="-71.39035000000001">
    <ele>42.02</ele>
   </trkpt>
   <trkpt lat="42.14086" lon="-71.38955">
    <ele>41.88</ele>
   </trkpt>
   <trkpt lat="42.14088" lon="-71.38883000000001">
    <ele>41.650000000000006</ele>
   </trkpt>
   <trkpt lat="42.14086" lon="-71.38857">
    <ele>41.660000000000004</ele>
   </trkpt>
   <trkpt lat="42.140800000000006" lon="-71.38821">
    <ele>41.74</ele>
   </trkpt>
   <trkpt lat="42.140710000000006" lon="-71.38785">
    <ele>41.74</ele>
   </trkpt>
   <trkpt lat="42.14059" lon="-71.38754">
    <ele>42.120000000000005</ele>
   </trkpt>
   <trkpt lat="42.14040000000001" lon="-71.38717000000001">
    <ele>42.120000000000005</ele>
   </trkpt>
   <trkpt lat="42.140240000000006" lon="-71.38691">
    <ele>42.27</ele>
   </trkpt>
   <trkpt lat="42.1396350019329" lon="-71.38623999358087">
    <ele>41.980000000000004</ele>
   </trkpt>
   <trkpt lat="42.139030000000005" lon="-71.38557">
    <ele>41.79</ele>
   </trkpt>
   <trkpt lat="42.13879" lon="-71.38525">
    <ele>41.900000000000006</ele>
   </trkpt>
   <trkpt lat="42.138630000000006" lon="-71.38494">
    <ele>42.410000000000004</ele>
   </trkpt>
   <trkpt lat="42.1385" lon="-71.38458">
    <ele>42.71</ele>
   </trkpt>
   <trkpt lat="42.13844" lon="-71.38436">
    <ele>43.27</ele>
   </trkpt>
   <trkpt lat="42.138360000000006" lon="-71.38381000000001">
    <ele>44.730000000000004</ele>
   </trkpt>
   <trkpt lat="42.13787000000001" lon="-71.38404">
    <ele>45.540000000000006</ele>
   </trkpt>
   <trkpt lat="42.13779" lon="-71.38409">
    <ele>45.46</ele>
   </trkpt>
   <trkpt lat="42.1377" lon="-71.3841">
    <ele>45.46</ele>
   </trkpt>
   <trkpt lat="42.137620000000005" lon="-71.38409">
    <ele>45.470000000000006</ele>
   </trkpt>
   <trkpt lat="42.137440000000005" lon="-71.38396">
    <ele>45.4</ele>
   </trkpt>
   <trkpt lat="42.13731000000001" lon="-71.38390000000001">
    <ele>45.17</ele>
   </trkpt>
   <trkpt lat="42.136970000000005" lon="-71.38380000000001">
    <ele>45.84</ele>
   </trkpt>
   <trkpt lat="42.13702000000001" lon="-71.38284">
    <ele>44.29</ele>
   </trkpt>
   <trkpt lat="42.13694" lon="-71.38185">
    <ele>42.52</ele>
   </trkpt>
   <trkpt lat="42.137040000000006" lon="-71.38122">
    <ele>42.29</ele>
   </trkpt>
   <trkpt lat="42.13698" lon="-71.38078">
    <ele>42.13</ele>
   </trkpt>
   <trkpt lat="42.13698" lon="-71.38052">
    <ele>42.14</ele>
   </trkpt>
   <trkpt lat="42.136950000000006" lon="-71.38033">
    <ele>41.86</ele>
   </trkpt>
   <trkpt lat="42.13689" lon="-71.37952">
    <ele>41.800000000000004</ele>
   </trkpt>
   <trkpt lat="42.13681000206834" lon="-71.37882999913978">
    <ele>42.010000000000005</ele>
   </trkpt>
   <trkpt lat="42.13673" lon="-71.37814">
    <ele>42.39</ele>
   </trkpt>
   <trkpt lat="42.136700000000005" lon="-71.37751">
    <ele>42.34</ele>
   </trkpt>
   <trkpt lat="42.13659006232923" lon="-71.37631179737028">
    <ele>42.79</ele>
   </trkpt>
   <trkpt lat="42.13648011219228" lon="-71.3751135989009">
    <ele>43.25</ele>
   </trkpt>
   <trkpt lat="42.13637014958923" lon="-71.37391540459227">
    <ele>43.68</ele>
   </trkpt>
   <trkpt lat="42.13626017452018" lon="-71.37271721444485">
    <ele>43.68</ele>
   </trkpt>
   <trkpt lat="42.136150186985255" lon="-71.37151902845906">
    <ele>43.35000000000001</ele>
   </trkpt>
   <trkpt lat="42.13604018698449" lon="-71.37032084663538">
    <ele>42.940000000000005</ele>
   </trkpt>
   <trkpt lat="42.135930174518" lon="-71.36912266897423">
    <ele>43.03000000000001</ele>
   </trkpt>
   <trkpt lat="42.13582014958588" lon="-71.36792449547603">
    <ele>42.7</ele>
   </trkpt>
   <trkpt lat="42.13571011218824" lon="-71.36672632614126">
    <ele>42.22</ele>
   </trkpt>
   <trkpt lat="42.13560006232513" lon="-71.36552816097033">
    <ele>42.32</ele>
   </trkpt>
   <trkpt lat="42.135490000000004" lon="-71.36433000000001">
    <ele>43.190000000000005</ele>
   </trkpt>
   <trkpt lat="42.13541" lon="-71.36323">
    <ele>43.27</ele>
   </trkpt>
   <trkpt lat="42.1355" lon="-71.36287">
    <ele>43.34</ele>
   </trkpt>
   <trkpt lat="42.135490000000004" lon="-71.36252">
    <ele>42.980000000000004</ele>
   </trkpt>
   <trkpt lat="42.13589" lon="-71.36254000000001">
    <ele>42.940000000000005</ele>
   </trkpt>
   <trkpt lat="42.136500000000005" lon="-71.36233">
    <ele>43.60000000000001</ele>
   </trkpt>
   <trkpt lat="42.1366" lon="-71.36233">
    <ele>43.940000000000005</ele>
   </trkpt>
   <trkpt lat="42.13682" lon="-71.36241000000001">
    <ele>44.160000000000004</ele>
   </trkpt>
   <trkpt lat="42.136900000000004" lon="-71.36247">
    <ele>44.24</ele>
   </trkpt>
   <trkpt lat="42.136770000000006" lon="-71.36211">
    <ele>43.56</ele>
   </trkpt>
   <trkpt lat="42.136810000000004" lon="-71.36211">
    <ele>43.56</ele>
   </trkpt>
   <trkpt lat="42.137040000000006" lon="-71.36179">
    <ele>42.660000000000004</ele>
   </trkpt>
   <trkpt lat="42.13762000173061" lon="-71.3611650056869">
    <ele>40.64</ele>
   </trkpt>
   <trkpt lat="42.138200000000005" lon="-71.36054">
    <ele>40.53</ele>
   </trkpt>
   <trkpt lat="42.13835" lon="-71.36041">
    <ele>40.760000000000005</ele>
   </trkpt>
   <trkpt lat="42.13891" lon="-71.35956">
    <ele>43.59</ele>
   </trkpt>
   <trkpt lat="42.13935" lon="-71.35873000000001">
    <ele>44.34</ele>
   </trkpt>
   <trkpt lat="42.13985499988214" lon="-71.35869500028767">
    <ele>45.31</ele>
   </trkpt>
   <trkpt lat="42.14036" lon="-71.35866">
    <ele>44.33</ele>
   </trkpt>
   <trkpt lat="42.14063" lon="-71.35853">
    <ele>43.92</ele>
   </trkpt>
   <trkpt lat="42.14074" lon="-71.35844">
    <ele>43.85000000000001</ele>
   </trkpt>
   <trkpt lat="42.141270000000006" lon="-71.35759">
    <ele>43.52</ele>
   </trkpt>
   <trkpt lat="42.141740000000006" lon="-71.35696">
    <ele>43.47</ele>
   </trkpt>
   <trkpt lat="42.142010000000006" lon="-71.35666">
    <ele>43.93</ele>
   </trkpt>
   <trkpt lat="42.141980000000004" lon="-71.35668000000001">
    <ele>43.88</ele>
   </trkpt>
   <trkpt lat="42.14222" lon="-71.35646000000001">
    <ele>44.660000000000004</ele>
   </trkpt>
   <trkpt lat="42.142540000000004" lon="-71.3563">
    <ele>45.67</ele>
   </trkpt>
   <trkpt lat="42.14307" lon="-71.35623000000001">
    <ele>48.78</ele>
   </trkpt>
   <trkpt lat="42.14347" lon="-71.3562">
    <ele>51.81</ele>
   </trkpt>
   <trkpt lat="42.143550000000005" lon="-71.35621">
    <ele>52.79</ele>
   </trkpt>
   <trkpt lat="42.14365" lon="-71.35625">
    <ele>53.4</ele>
   </trkpt>
   <trkpt lat="42.144040000000004" lon="-71.3566">
    <ele>55.120000000000005</ele>
   </trkpt>
   <trkpt lat="42.14445500088713" lon="-71.35704999705892">
    <ele>56.21</ele>
   </trkpt>
   <trkpt lat="42.144870000000004" lon="-71.3575">
    <ele>56.82</ele>
   </trkpt>
   <trkpt lat="42.144940000000005" lon="-71.35715">
    <ele>55.09</ele>
   </trkpt>
   <trkpt lat="42.144980000000004" lon="-71.35673">
    <ele>54.14000000000001</ele>
   </trkpt>
   <trkpt lat="42.14504" lon="-71.35633">
    <ele>53.53</ele>
   </trkpt>
   <trkpt lat="42.14508" lon="-71.3558">
    <ele>52.71000000000001</ele>
   </trkpt>
   <trkpt lat="42.14517" lon="-71.35503">
    <ele>50.330000000000005</ele>
   </trkpt>
   <trkpt lat="42.145270000000004" lon="-71.3545">
    <ele>46.86000000000001</ele>
   </trkpt>
   <trkpt lat="42.1454" lon="-71.354">
    <ele>44.34</ele>
   </trkpt>
   <trkpt lat="42.14544" lon="-71.35373">
    <ele>43.260000000000005</ele>
   </trkpt>
   <trkpt lat="42.14544" lon="-71.3532">
    <ele>41.39</ele>
   </trkpt>
   <trkpt lat="42.14537000000001" lon="-71.35284">
    <ele>40.830000000000005</ele>
   </trkpt>
   <trkpt lat="42.145175002690685" lon="-71.35205499764346">
    <ele>39.790000000000006</ele>
   </trkpt>
   <trkpt lat="42.144980000000004" lon="-71.35127">
    <ele>38.07</ele>
   </trkpt>
   <trkpt lat="42.14472000000001" lon="-71.35015">
    <ele>38.50000000000001</ele>
   </trkpt>
   <trkpt lat="42.14471" lon="-71.34997">
    <ele>38.760000000000005</ele>
   </trkpt>
   <trkpt lat="42.14545000051729" lon="-71.3503349957035">
    <ele>39.32</ele>
   </trkpt>
   <trkpt lat="42.146190000000004" lon="-71.3507">
    <ele>41.35</ele>
   </trkpt>
   <trkpt lat="42.14616" lon="-71.35069">
    <ele>41.25</ele>
   </trkpt>
   <trkpt lat="42.146800000261905" lon="-71.35097999702145">
    <ele>43.050000000000004</ele>
   </trkpt>
   <trkpt lat="42.14744" lon="-71.35127">
    <ele>44.49</ele>
   </trkpt>
   <trkpt lat="42.1482600019626" lon="-71.35165748494458">
    <ele>41.89</ele>
   </trkpt>
   <trkpt lat="42.14908000262138" lon="-71.3520449799279">
    <ele>42.14</ele>
   </trkpt>
   <trkpt lat="42.14990000197628" lon="-71.35243248495048">
    <ele>44.0</ele>
   </trkpt>
   <trkpt lat="42.15072000000001" lon="-71.35282000000001">
    <ele>46.19</ele>
   </trkpt>
   <trkpt lat="42.15119000000001" lon="-71.35302">
    <ele>45.93000000000001</ele>
   </trkpt>
   <trkpt lat="42.151520000000005" lon="-71.35311">
    <ele>46.17</ele>
   </trkpt>
   <trkpt lat="42.15214" lon="-71.35324">
    <ele>47.71</ele>
   </trkpt>
   <trkpt lat="42.15287" lon="-71.35324">
    <ele>50.660000000000004</ele>
   </trkpt>
   <trkpt lat="42.153360000000006" lon="-71.3532">
    <ele>51.0</ele>
   </trkpt>
   <trkpt lat="42.153740000000006" lon="-71.35310000000001">
    <ele>51.21000000000001</ele>
   </trkpt>
   <trkpt lat="42.15399" lon="-71.35301000000001">
    <ele>51.5</ele>
   </trkpt>
   <trkpt lat="42.153960000000005" lon="-71.35288">
    <ele>51.410000000000004</ele>
   </trkpt>
   <trkpt lat="42.15391" lon="-71.3524">
    <ele>51.260000000000005</ele>
   </trkpt>
   <trkpt lat="42.15379" lon="-71.35163">
    <ele>51.24</ele>
   </trkpt>
   <trkpt lat="42.15372000000001" lon="-71.35136">
    <ele>50.28</ele>
   </trkpt>
   <trkpt lat="42.15368" lon="-71.35106">
    <ele>47.89</ele>
   </trkpt>
   <trkpt lat="42.153580000000005" lon="-71.35065">
    <ele>46.660000000000004</ele>
   </trkpt>
   <trkpt lat="42.1535" lon="-71.35047">
    <ele>46.19</ele>
   </trkpt>
   <trkpt lat="42.15344" lon="-71.35024">
    <ele>46.00000000000001</ele>
   </trkpt>
   <trkpt lat="42.153180000000006" lon="-71.34975">
    <ele>45.900000000000006</ele>
   </trkpt>
   <trkpt lat="42.15294" lon="-71.34903">
    <ele>45.67</ele>
   </trkpt>
   <trkpt lat="42.152910000000006" lon="-71.34881">
    <ele>45.7</ele>
   </trkpt>
   <trkpt lat="42.1529" lon="-71.34846">
    <ele>45.81</ele>
   </trkpt>
   <trkpt lat="42.15283" lon="-71.34805">
    <ele>45.83</ele>
   </trkpt>
   <trkpt lat="42.1527" lon="-71.34761">
    <ele>46.27</ele>
   </trkpt>
   <trkpt lat="42.152680000000004" lon="-71.34747">
    <ele>46.27</ele>
   </trkpt>
   <trkpt lat="42.152570000000004" lon="-71.34724">
    <ele>46.45</ele>
   </trkpt>
   <trkpt lat="42.15252" lon="-71.34702">
    <ele>46.42</ele>
   </trkpt>
   <trkpt lat="42.15256" lon="-71.34675">
    <ele>46.56</ele>
   </trkpt>
   <trkpt lat="42.15254" lon="-71.34666">
    <ele>46.56</ele>
   </trkpt>
   <trkpt lat="42.152420000000006" lon="-71.34653">
    <ele>46.64</ele>
   </trkpt>
   <trkpt lat="42.1524" lon="-71.34644">
    <ele>46.84</ele>
   </trkpt>
   <trkpt lat="42.15241" lon="-71.34626">
    <ele>46.89</ele>
   </trkpt>
   <trkpt lat="42.152390000000004" lon="-71.34607000000001">
    <ele>46.720000000000006</ele>
   </trkpt>
   <trkpt lat="42.15232" lon="-71.34591">
    <ele>46.35</ele>
   </trkpt>
   <trkpt lat="42.15207" lon="-71.34563">
    <ele>45.99</ele>
   </trkpt>
   <trkpt lat="42.152010000000004" lon="-71.34541">
    <ele>46.13</ele>
   </trkpt>
   <trkpt lat="42.15182" lon="-71.34505">
    <ele>44.95</ele>
   </trkpt>
   <trkpt lat="42.151680000000006" lon="-71.34492">
    <ele>44.86000000000001</ele>
   </trkpt>
   <trkpt lat="42.151430000000005" lon="-71.34478">
    <ele>45.01</ele>
   </trkpt>
   <trkpt lat="42.15079" lon="-71.34451">
    <ele>45.42</ele>
   </trkpt>
   <trkpt lat="42.150690000000004" lon="-71.34442">
    <ele>45.06</ele>
   </trkpt>
   <trkpt lat="42.15061" lon="-71.34429">
    <ele>44.7</ele>
   </trkpt>
   <trkpt lat="42.15052" lon="-71.34401000000001">
    <ele>43.38</ele>
   </trkpt>
   <trkpt lat="42.15044" lon="-71.34388000000001">
    <ele>42.96</ele>
   </trkpt>
   <trkpt lat="42.150130000000004" lon="-71.34349">
    <ele>41.71</ele>
   </trkpt>
   <trkpt lat="42.14978000107255" lon="-71.34301499749974">
    <ele>41.480000000000004</ele>
   </trkpt>
   <trkpt lat="42.14943" lon="-71.34254">
    <ele>40.760000000000005</ele>
   </trkpt>
   <trkpt lat="42.14907" lon="-71.34217000000001">
    <ele>39.6</ele>
   </trkpt>
   <trkpt lat="42.14905" lon="-71.34215">
    <ele>39.57</ele>
   </trkpt>
   <trkpt lat="42.14896" lon="-71.34205">
    <ele>39.260000000000005</ele>
   </trkpt>
   <trkpt lat="42.14889" lon="-71.34192">
    <ele>38.900000000000006</ele>
   </trkpt>
   <trkpt lat="42.148860000000006" lon="-71.34182000000001">
    <ele>38.330000000000005</ele>
   </trkpt>
   <trkpt lat="42.148860000000006" lon="-71.34173000000001">
    <ele>38.330000000000005</ele>
   </trkpt>
   <trkpt lat="42.14893" lon="-71.34151">
    <ele>37.52</ele>
   </trkpt>
   <trkpt lat="42.149150000000006" lon="-71.34116">
    <ele>36.49</ele>
   </trkpt>
   <trkpt lat="42.14943" lon="-71.34066">
    <ele>37.81</ele>
   </trkpt>
   <trkpt lat="42.149680000000004" lon="-71.34036">
    <ele>38.64</ele>
   </trkpt>
   <trkpt lat="42.149800000000006" lon="-71.33995">
    <ele>38.64</ele>
   </trkpt>
   <trkpt lat="42.149890000000006" lon="-71.33977">
    <ele>38.64</ele>
   </trkpt>
   <trkpt lat="42.149930000000005" lon="-71.33973">
    <ele>38.64</ele>
   </trkpt>
   <trkpt lat="42.150090000000006" lon="-71.33967000000001">
    <ele>38.64</ele>
   </trkpt>
   <trkpt lat="42.15034" lon="-71.33959">
    <ele>38.64</ele>
   </trkpt>
   <trkpt lat="42.150740000000006" lon="-71.3395">
    <ele>38.64</ele>
   </trkpt>
   <trkpt lat="42.15091" lon="-71.33936">
    <ele>38.64</ele>
   </trkpt>
   <trkpt lat="42.15108" lon="-71.33931000000001">
    <ele>38.64</ele>
   </trkpt>
   <trkpt lat="42.151140000000005" lon="-71.33924">
    <ele>38.64</ele>
   </trkpt>
   <trkpt lat="42.15124" lon="-71.33905">
    <ele>38.64</ele>
   </trkpt>
   <trkpt lat="42.15153" lon="-71.33896">
    <ele>38.64</ele>
   </trkpt>
   <trkpt lat="42.15195000000001" lon="-71.33892">
    <ele>38.64</ele>
   </trkpt>
   <trkpt lat="42.15211" lon="-71.33896">
    <ele>50.010000000000005</ele>
   </trkpt>
   <trkpt lat="42.152190000000004" lon="-71.33914">
    <ele>50.010000000000005</ele>
   </trkpt>
   <trkpt lat="42.152280000000005" lon="-71.33927">
    <ele>50.010000000000005</ele>
   </trkpt>
   <trkpt lat="42.152530000000006" lon="-71.33932">
    <ele>50.010000000000005</ele>
   </trkpt>
   <trkpt lat="42.15267" lon="-71.33945">
    <ele>50.010000000000005</ele>
   </trkpt>
   <trkpt lat="42.15276" lon="-71.33968">
    <ele>50.010000000000005</ele>
   </trkpt>
   <trkpt lat="42.15281" lon="-71.33972">
    <ele>50.010000000000005</ele>
   </trkpt>
   <trkpt lat="42.15348" lon="-71.3399">
    <ele>50.010000000000005</ele>
   </trkpt>
   <trkpt lat="42.15364" lon="-71.34004">
    <ele>50.010000000000005</ele>
   </trkpt>
   <trkpt lat="42.153710000000004" lon="-71.34007000000001">
    <ele>50.010000000000005</ele>
   </trkpt>
   <trkpt lat="42.15404" lon="-71.33994000000001">
    <ele>50.010000000000005</ele>
   </trkpt>
   <trkpt lat="42.154090000000004" lon="-71.33995">
    <ele>50.010000000000005</ele>
   </trkpt>
   <trkpt lat="42.154180000000004" lon="-71.34004">
    <ele>50.010000000000005</ele>
   </trkpt>
   <trkpt lat="42.15449" lon="-71.34008">
    <ele>50.010000000000005</ele>
   </trkpt>
   <trkpt lat="42.15458" lon="-71.34011000000001">
    <ele>50.010000000000005</ele>
   </trkpt>
   <trkpt lat="42.15482" lon="-71.3395">
    <ele>50.010000000000005</ele>
   </trkpt>
   <trkpt lat="42.15478" lon="-71.33900000000001">
    <ele>46.63</ele>
   </trkpt>
   <trkpt lat="42.15478" lon="-71.33883">
    <ele>46.63</ele>
   </trkpt>
   <trkpt lat="42.15485" lon="-71.33825">
    <ele>46.06</ele>
   </trkpt>
   <trkpt lat="42.154860000000006" lon="-71.33770000000001">
    <ele>42.620000000000005</ele>
   </trkpt>
   <trkpt lat="42.15485" lon="-71.33758">
    <ele>42.620000000000005</ele>
   </trkpt>
   <trkpt lat="42.15475" lon="-71.33733000000001">
    <ele>42.620000000000005</ele>
   </trkpt>
   <trkpt lat="42.154650000000004" lon="-71.33717">
    <ele>42.620000000000005</ele>
   </trkpt>
   <trkpt lat="42.154540000000004" lon="-71.33708">
    <ele>41.74</ele>
   </trkpt>
   <trkpt lat="42.15435" lon="-71.33695">
    <ele>40.42</ele>
   </trkpt>
   <trkpt lat="42.154160000000005" lon="-71.33672">
    <ele>38.63</ele>
   </trkpt>
   <trkpt lat="42.15411" lon="-71.33663">
    <ele>38.46</ele>
   </trkpt>
   <trkpt lat="42.15408" lon="-71.3365">
    <ele>38.32</ele>
   </trkpt>
   <trkpt lat="42.154140000000005" lon="-71.33614">
    <ele>38.96</ele>
   </trkpt>
   <trkpt lat="42.154270000000004" lon="-71.33583">
    <ele>38.75</ele>
   </trkpt>
   <trkpt lat="42.154430000000005" lon="-71.33565">
    <ele>39.53</ele>
   </trkpt>
   <trkpt lat="42.15451" lon="-71.3356">
    <ele>40.150000000000006</ele>
   </trkpt>
   <trkpt lat="42.15467" lon="-71.33556">
    <ele>40.59</ele>
   </trkpt>
   <trkpt lat="42.15485" lon="-71.33555000000001">
    <ele>40.730000000000004</ele>
   </trkpt>
   <trkpt lat="42.155100000000004" lon="-71.33547">
    <ele>41.410000000000004</ele>
   </trkpt>
   <trkpt lat="42.155620000000006" lon="-71.33529">
    <ele>40.010000000000005</ele>
   </trkpt>
   <trkpt lat="42.155710000000006" lon="-71.33523000000001">
    <ele>39.75</ele>
   </trkpt>
   <trkpt lat="42.15565" lon="-71.33527000000001">
    <ele>39.85</ele>
   </trkpt>
   <trkpt lat="42.15583" lon="-71.33516">
    <ele>39.52</ele>
   </trkpt>
   <trkpt lat="42.15605" lon="-71.33511">
    <ele>39.53</ele>
   </trkpt>
   <trkpt lat="42.156240000000004" lon="-71.33497000000001">
    <ele>40.07</ele>
   </trkpt>
   <trkpt lat="42.15628" lon="-71.33496000000001">
    <ele>40.080000000000005</ele>
   </trkpt>
   <trkpt lat="42.15701000000001" lon="-71.33507">
    <ele>39.49</ele>
   </trkpt>
   <trkpt lat="42.15755999995769" lon="-71.33522499861155">
    <ele>40.36</ele>
   </trkpt>
   <trkpt lat="42.15811" lon="-71.33538">
    <ele>41.620000000000005</ele>
   </trkpt>
   <trkpt lat="42.15804000000001" lon="-71.33489">
    <ele>42.18</ele>
   </trkpt>
   <trkpt lat="42.158010000000004" lon="-71.33448">
    <ele>42.230000000000004</ele>
   </trkpt>
   <trkpt lat="42.15798000263855" lon="-71.33369999955086">
    <ele>39.31</ele>
   </trkpt>
   <trkpt lat="42.15795000000001" lon="-71.33292">
    <ele>37.910000000000004</ele>
   </trkpt>
   <trkpt lat="42.15789" lon="-71.33242">
    <ele>37.87</ele>
   </trkpt>
   <trkpt lat="42.15769" lon="-71.33166">
    <ele>38.41</ele>
   </trkpt>
   <trkpt lat="42.157590000000006" lon="-71.33134000000001">
    <ele>38.18000000000001</ele>
   </trkpt>
   <trkpt lat="42.15751" lon="-71.33113">
    <ele>38.66</ele>
   </trkpt>
   <trkpt lat="42.157160000000005" lon="-71.33064">
    <ele>40.5</ele>
   </trkpt>
   <trkpt lat="42.15706" lon="-71.33054">
    <ele>40.5</ele>
   </trkpt>
   <trkpt lat="42.15675" lon="-71.33032">
    <ele>43.43</ele>
   </trkpt>
   <trkpt lat="42.15621" lon="-71.32996">
    <ele>46.56</ele>
   </trkpt>
   <trkpt lat="42.15632" lon="-71.32966">
    <ele>47.040000000000006</ele>
   </trkpt>
   <trkpt lat="42.15643" lon="-71.32947">
    <ele>47.18000000000001</ele>
   </trkpt>
   <trkpt lat="42.15659" lon="-71.32925">
    <ele>47.5</ele>
   </trkpt>
   <trkpt lat="42.15695" lon="-71.32893">
    <ele>51.60000000000001</ele>
   </trkpt>
   <trkpt lat="42.15722" lon="-71.32866">
    <ele>52.31</ele>
   </trkpt>
   <trkpt lat="42.15755" lon="-71.32822">
    <ele>57.75</ele>
   </trkpt>
   <trkpt lat="42.15784" lon="-71.3279">
    <ele>59.95</ele>
   </trkpt>
   <trkpt lat="42.15807" lon="-71.32777">
    <ele>61.24</ele>
   </trkpt>
   <trkpt lat="42.15843" lon="-71.32772">
    <ele>60.550000000000004</ele>
   </trkpt>
   <trkpt lat="42.1593" lon="-71.32764">
    <ele>59.06</ele>
   </trkpt>
   <trkpt lat="42.15977" lon="-71.32751">
    <ele>60.42</ele>
   </trkpt>
   <trkpt lat="42.16030000000001" lon="-71.32728">
    <ele>64.55000000000001</ele>
   </trkpt>
   <trkpt lat="42.160410000000006" lon="-71.32719">
    <ele>65.07000000000001</ele>
   </trkpt>
   <trkpt lat="42.16066" lon="-71.32683">
    <ele>65.72</ele>
   </trkpt>
   <trkpt lat="42.16087" lon="-71.32656">
    <ele>64.97</ele>
   </trkpt>
   <trkpt lat="42.161390000000004" lon="-71.32607">
    <ele>61.720000000000006</ele>
   </trkpt>
   <trkpt lat="42.162020000000005" lon="-71.32572">
    <ele>60.14000000000001</ele>
   </trkpt>
   <trkpt lat="42.162710000000004" lon="-71.32548">
    <ele>59.21000000000001</ele>
   </trkpt>
   <trkpt lat="42.16299" lon="-71.32542000000001">
    <ele>59.22</ele>
   </trkpt>
   <trkpt lat="42.162940000000006" lon="-71.32543000000001">
    <ele>59.22</ele>
   </trkpt>
   <trkpt lat="42.163650000000004" lon="-71.32526">
    <ele>58.410000000000004</ele>
   </trkpt>
   <trkpt lat="42.16376" lon="-71.32520000000001">
    <ele>57.88000000000001</ele>
   </trkpt>
   <trkpt lat="42.16384" lon="-71.32545">
    <ele>57.970000000000006</ele>
   </trkpt>
   <trkpt lat="42.16389" lon="-71.32579000000001">
    <ele>58.650000000000006</ele>
   </trkpt>
   <trkpt lat="42.163880000000006" lon="-71.32619000000001">
    <ele>58.650000000000006</ele>
   </trkpt>
   <trkpt lat="42.163940000000004" lon="-71.32637000000001">
    <ele>58.050000000000004</ele>
   </trkpt>
   <trkpt lat="42.16404" lon="-71.32656">
    <ele>57.59</ele>
   </trkpt>
   <trkpt lat="42.16422" lon="-71.32677000000001">
    <ele>57.32</ele>
   </trkpt>
   <trkpt lat="42.16436" lon="-71.32741">
    <ele>54.92</ele>
   </trkpt>
   <trkpt lat="42.164370000000005" lon="-71.32767000000001">
    <ele>53.94</ele>
   </trkpt>
   <trkpt lat="42.16434" lon="-71.32781">
    <ele>52.85</ele>
   </trkpt>
   <trkpt lat="42.164350000000006" lon="-71.32795">
    <ele>52.85</ele>
   </trkpt>
   <trkpt lat="42.164500000000004" lon="-71.3284">
    <ele>48.68</ele>
   </trkpt>
   <trkpt lat="42.16452" lon="-71.32856000000001">
    <ele>47.95</ele>
   </trkpt>
   <trkpt lat="42.16454" lon="-71.32921">
    <ele>43.7</ele>
   </trkpt>
   <trkpt lat="42.164190000000005" lon="-71.32975">
    <ele>42.53</ele>
   </trkpt>
   <trkpt lat="42.164120000000004" lon="-71.32997">
    <ele>42.13</ele>
   </trkpt>
   <trkpt lat="42.164060000000006" lon="-71.33024">
    <ele>41.81000000000001</ele>
   </trkpt>
   <trkpt lat="42.163970000000006" lon="-71.33049000000001">
    <ele>41.28</ele>
   </trkpt>
   <trkpt lat="42.16405" lon="-71.3305">
    <ele>40.71</ele>
   </trkpt>
   <trkpt lat="42.164170000000006" lon="-71.33045">
    <ele>40.2</ele>
   </trkpt>
   <trkpt lat="42.164280000000005" lon="-71.33028">
    <ele>39.260000000000005</ele>
   </trkpt>
   <trkpt lat="42.164320000000004" lon="-71.33027">
    <ele>39.190000000000005</ele>
   </trkpt>
   <trkpt lat="42.164390000000004" lon="-71.33018000000001">
    <ele>39.24</ele>
   </trkpt>
   <trkpt lat="42.16445" lon="-71.33003000000001">
    <ele>39.550000000000004</ele>
   </trkpt>
   <trkpt lat="42.16443" lon="-71.33005">
    <ele>39.510000000000005</ele>
   </trkpt>
   <trkpt lat="42.16454" lon="-71.32992">
    <ele>39.790000000000006</ele>
   </trkpt>
   <trkpt lat="42.16469" lon="-71.32984">
    <ele>40.120000000000005</ele>
   </trkpt>
   <trkpt lat="42.164750000000005" lon="-71.32974">
    <ele>41.04</ele>
   </trkpt>
   <trkpt lat="42.164750000000005" lon="-71.3296">
    <ele>41.82</ele>
   </trkpt>
   <trkpt lat="42.16480000000001" lon="-71.32956">
    <ele>41.82</ele>
   </trkpt>
   <trkpt lat="42.16480000000001" lon="-71.32942">
    <ele>43.22</ele>
   </trkpt>
   <trkpt lat="42.164840000000005" lon="-71.32934">
    <ele>43.58</ele>
   </trkpt>
   <trkpt lat="42.16489000000001" lon="-71.32933">
    <ele>43.410000000000004</ele>
   </trkpt>
   <trkpt lat="42.16494" lon="-71.32933">
    <ele>43.07</ele>
   </trkpt>
   <trkpt lat="42.165000000000006" lon="-71.32939">
    <ele>42.22</ele>
   </trkpt>
   <trkpt lat="42.165110000000006" lon="-71.32942">
    <ele>41.510000000000005</ele>
   </trkpt>
   <trkpt lat="42.16519" lon="-71.3293">
    <ele>41.36</ele>
   </trkpt>
   <trkpt lat="42.16534" lon="-71.3292">
    <ele>41.150000000000006</ele>
   </trkpt>
   <trkpt lat="42.165400000000005" lon="-71.32899">
    <ele>40.85</ele>
   </trkpt>
   <trkpt lat="42.16552" lon="-71.32893">
    <ele>40.800000000000004</ele>
   </trkpt>
   <trkpt lat="42.165620000000004" lon="-71.32893">
    <ele>41.09</ele>
   </trkpt>
   <trkpt lat="42.16579" lon="-71.32860000000001">
    <ele>43.71000000000001</ele>
   </trkpt>
   <trkpt lat="42.166140000000006" lon="-71.32817">
    <ele>43.68</ele>
   </trkpt>
   <trkpt lat="42.16617" lon="-71.32809">
    <ele>44.08</ele>
   </trkpt>
   <trkpt lat="42.16626" lon="-71.328">
    <ele>44.43000000000001</ele>
   </trkpt>
   <trkpt lat="42.166340000000005" lon="-71.328">
    <ele>44.43000000000001</ele>
   </trkpt>
   <trkpt lat="42.16666" lon="-71.3279">
    <ele>44.18</ele>
   </trkpt>
   <trkpt lat="42.16686000000001" lon="-71.32768">
    <ele>43.93</ele>
   </trkpt>
   <trkpt lat="42.166970000000006" lon="-71.32763">
    <ele>43.93</ele>
   </trkpt>
   <trkpt lat="42.167190000000005" lon="-71.32736">
    <ele>42.9</ele>
   </trkpt>
   <trkpt lat="42.16731" lon="-71.32742">
    <ele>43.17000000000001</ele>
   </trkpt>
   <trkpt lat="42.167390000000005" lon="-71.3275">
    <ele>43.9</ele>
   </trkpt>
   <trkpt lat="42.16758" lon="-71.32749000000001">
    <ele>45.970000000000006</ele>
   </trkpt>
   <trkpt lat="42.16761" lon="-71.32754">
    <ele>46.28</ele>
   </trkpt>
   <trkpt lat="42.16762000000001" lon="-71.32764">
    <ele>46.330000000000005</ele>
   </trkpt>
   <trkpt lat="42.167790000000004" lon="-71.32786">
    <ele>42.980000000000004</ele>
   </trkpt>
   <trkpt lat="42.167880000000004" lon="-71.32787">
    <ele>41.690000000000005</ele>
   </trkpt>
   <trkpt lat="42.167950000000005" lon="-71.32799">
    <ele>40.56</ele>
   </trkpt>
   <trkpt lat="42.168020000000006" lon="-71.32821000000001">
    <ele>39.43</ele>
   </trkpt>
   <trkpt lat="42.168150000000004" lon="-71.32825000000001">
    <ele>38.830000000000005</ele>
   </trkpt>
   <trkpt lat="42.168260000000004" lon="-71.32826">
    <ele>38.7</ele>
   </trkpt>
   <trkpt lat="42.168380000000006" lon="-71.32835">
    <ele>38.67</ele>
   </trkpt>
   <trkpt lat="42.16866" lon="-71.32884">
    <ele>39.290000000000006</ele>
   </trkpt>
   <trkpt lat="42.168940000000006" lon="-71.32906000000001">
    <ele>39.89</ele>
   </trkpt>
   <trkpt lat="42.168980000000005" lon="-71.32903">
    <ele>39.89</ele>
   </trkpt>
   <trkpt lat="42.16921000000001" lon="-71.3292">
    <ele>41.43</ele>
   </trkpt>
   <trkpt lat="42.16924" lon="-71.32925">
    <ele>41.59</ele>
   </trkpt>
   <trkpt lat="42.16926" lon="-71.32951">
    <ele>41.84</ele>
   </trkpt>
   <trkpt lat="42.16931" lon="-71.32965">
    <ele>42.03</ele>
   </trkpt>
   <trkpt lat="42.1694" lon="-71.32969">
    <ele>42.370000000000005</ele>
   </trkpt>
   <trkpt lat="42.169520000000006" lon="-71.32969">
    <ele>43.230000000000004</ele>
   </trkpt>
   <trkpt lat="42.16962" lon="-71.32973000000001">
    <ele>43.410000000000004</ele>
   </trkpt>
   <trkpt lat="42.16977000000001" lon="-71.32969">
    <ele>43.89000000000001</ele>
   </trkpt>
   <trkpt lat="42.16986" lon="-71.32969">
    <ele>44.39000000000001</ele>
   </trkpt>
   <trkpt lat="42.17" lon="-71.32978">
    <ele>44.35</ele>
   </trkpt>
   <trkpt lat="42.17018" lon="-71.32978">
    <ele>43.17000000000001</ele>
   </trkpt>
   <trkpt lat="42.170320000000004" lon="-71.32983">
    <ele>41.830000000000005</ele>
   </trkpt>
   <trkpt lat="42.170680000000004" lon="-71.32979">
    <ele>40.52</ele>
   </trkpt>
   <trkpt lat="42.17076" lon="-71.32966">
    <ele>40.400000000000006</ele>
   </trkpt>
   <trkpt lat="42.17071000000001" lon="-71.32945000000001">
    <ele>40.81</ele>
   </trkpt>
   <trkpt lat="42.170680000000004" lon="-71.32932000000001">
    <ele>40.940000000000005</ele>
   </trkpt>
   <trkpt lat="42.17072" lon="-71.32902">
    <ele>39.720000000000006</ele>
   </trkpt>
   <trkpt lat="42.1709" lon="-71.32875">
    <ele>39.2</ele>
   </trkpt>
   <trkpt lat="42.17107" lon="-71.32862">
    <ele>39.120000000000005</ele>
   </trkpt>
   <trkpt lat="42.17127000000001" lon="-71.32843000000001">
    <ele>39.730000000000004</ele>
   </trkpt>
   <trkpt lat="42.17145" lon="-71.32835">
    <ele>39.68</ele>
   </trkpt>
   <trkpt lat="42.171490000000006" lon="-71.32818">
    <ele>39.99</ele>
   </trkpt>
   <trkpt lat="42.17145" lon="-71.32804">
    <ele>40.18</ele>
   </trkpt>
   <trkpt lat="42.171350000000004" lon="-71.3279">
    <ele>41.03</ele>
   </trkpt>
   <trkpt lat="42.171130000000005" lon="-71.32722000000001">
    <ele>40.800000000000004</ele>
   </trkpt>
   <trkpt lat="42.170970000000004" lon="-71.32678">
    <ele>38.88</ele>
   </trkpt>
   <trkpt lat="42.17054" lon="-71.32700000000001">
    <ele>38.650000000000006</ele>
   </trkpt>
   <trkpt lat="42.170390000000005" lon="-71.32701">
    <ele>38.43000000000001</ele>
   </trkpt>
   <trkpt lat="42.170170000000006" lon="-71.32696">
    <ele>38.36000000000001</ele>
   </trkpt>
   <trkpt lat="42.169720000000005" lon="-71.32669">
    <ele>39.27</ele>
   </trkpt>
   <trkpt lat="42.16953" lon="-71.32652">
    <ele>39.96</ele>
   </trkpt>
   <trkpt lat="42.169360000000005" lon="-71.32634">
    <ele>40.269999999999996</ele>
   </trkpt>
   <trkpt lat="42.169160000000005" lon="-71.3262">
    <ele>40.720000000000006</ele>
   </trkpt>
   <trkpt lat="42.168910000000004" lon="-71.32603">
    <ele>40.36</ele>
   </trkpt>
   <trkpt lat="42.168710000000004" lon="-71.32599">
    <ele>40.830000000000005</ele>
   </trkpt>
   <trkpt lat="42.1685" lon="-71.32602">
    <ele>41.78</ele>
   </trkpt>
   <trkpt lat="42.1681" lon="-71.32621">
    <ele>45.14000000000001</ele>
   </trkpt>
   <trkpt lat="42.1679" lon="-71.32624000000001">
    <ele>46.36000000000001</ele>
   </trkpt>
   <trkpt lat="42.16747" lon="-71.32607">
    <ele>47.940000000000005</ele>
   </trkpt>
   <trkpt lat="42.167260000000006" lon="-71.32607">
    <ele>48.11000000000001</ele>
   </trkpt>
   <trkpt lat="42.16682" lon="-71.32599">
    <ele>49.28</ele>
   </trkpt>
   <trkpt lat="42.16693" lon="-71.32575">
    <ele>49.1</ele>
   </trkpt>
   <trkpt lat="42.167010000000005" lon="-71.32563">
    <ele>48.900000000000006</ele>
   </trkpt>
   <trkpt lat="42.167010000000005" lon="-71.32545">
    <ele>48.080000000000005</ele>
   </trkpt>
   <trkpt lat="42.16695" lon="-71.32526">
    <ele>46.05</ele>
   </trkpt>
   <trkpt lat="42.166920000000005" lon="-71.32525000000001">
    <ele>46.05</ele>
   </trkpt>
   <trkpt lat="42.16696" lon="-71.32513">
    <ele>44.07000000000001</ele>
   </trkpt>
   <trkpt lat="42.16705" lon="-71.32495">
    <ele>42.760000000000005</ele>
   </trkpt>
   <trkpt lat="42.167190000000005" lon="-71.32478">
    <ele>42.45</ele>
   </trkpt>
   <trkpt lat="42.16724000000001" lon="-71.32464">
    <ele>42.010000000000005</ele>
   </trkpt>
   <trkpt lat="42.167300000000004" lon="-71.32459">
    <ele>41.96</ele>
   </trkpt>
   <trkpt lat="42.16743" lon="-71.32458000000001">
    <ele>42.230000000000004</ele>
   </trkpt>
   <trkpt lat="42.167480000000005" lon="-71.32454">
    <ele>42.2</ele>
   </trkpt>
   <trkpt lat="42.16749" lon="-71.3245">
    <ele>42.02</ele>
   </trkpt>
   <trkpt lat="42.167480000000005" lon="-71.32437">
    <ele>41.72</ele>
   </trkpt>
   <trkpt lat="42.16738" lon="-71.32432">
    <ele>40.84</ele>
   </trkpt>
   <trkpt lat="42.16715000000001" lon="-71.32401">
    <ele>39.839999999999996</ele>
   </trkpt>
   <trkpt lat="42.16715000000001" lon="-71.32387">
    <ele>38.82</ele>
   </trkpt>
   <trkpt lat="42.167190000000005" lon="-71.32378">
    <ele>38.53</ele>
   </trkpt>
   <trkpt lat="42.167170000000006" lon="-71.32334">
    <ele>37.94</ele>
   </trkpt>
   <trkpt lat="42.167170000000006" lon="-71.32339">
    <ele>37.94</ele>
   </trkpt>
   <trkpt lat="42.16716" lon="-71.32298">
    <ele>38.400000000000006</ele>
   </trkpt>
   <trkpt lat="42.16734" lon="-71.32227">
    <ele>39.75</ele>
   </trkpt>
   <trkpt lat="42.167480000000005" lon="-71.32209">
    <ele>40.260000000000005</ele>
   </trkpt>
   <trkpt lat="42.16754" lon="-71.32204">
    <ele>40.260000000000005</ele>
   </trkpt>
   <trkpt lat="42.167860000000005" lon="-71.32204">
    <ele>41.330000000000005</ele>
   </trkpt>
   <trkpt lat="42.16792" lon="-71.322">
    <ele>41.510000000000005</ele>
   </trkpt>
   <trkpt lat="42.16807" lon="-71.322">
    <ele>40.330000000000005</ele>
   </trkpt>
   <trkpt lat="42.16817" lon="-71.32194000000001">
    <ele>40.010000000000005</ele>
   </trkpt>
   <trkpt lat="42.16832" lon="-71.32168">
    <ele>39.150000000000006</ele>
   </trkpt>
   <trkpt lat="42.16841" lon="-71.32162000000001">
    <ele>39.16</ele>
   </trkpt>
   <trkpt lat="42.16852" lon="-71.32159">
    <ele>39.35</ele>
   </trkpt>
   <trkpt lat="42.168620000000004" lon="-71.32154">
    <ele>40.370000000000005</ele>
   </trkpt>
   <trkpt lat="42.168670000000006" lon="-71.32141">
    <ele>41.31</ele>
   </trkpt>
   <trkpt lat="42.168670000000006" lon="-71.32128">
    <ele>41.13</ele>
   </trkpt>
   <trkpt lat="42.168620000000004" lon="-71.32114">
    <ele>40.730000000000004</ele>
   </trkpt>
   <trkpt lat="42.1685" lon="-71.32096">
    <ele>40.440000000000005</ele>
   </trkpt>
   <trkpt lat="42.16861" lon="-71.32083">
    <ele>40.540000000000006</ele>
   </trkpt>
   <trkpt lat="42.168820000000004" lon="-71.32051">
    <ele>40.92</ele>
   </trkpt>
   <trkpt lat="42.16892" lon="-71.3202">
    <ele>41.7</ele>
   </trkpt>
   <trkpt lat="42.16899" lon="-71.32008">
    <ele>41.86</ele>
   </trkpt>
   <trkpt lat="42.16908" lon="-71.32002">
    <ele>42.260000000000005</ele>
   </trkpt>
   <trkpt lat="42.169180000000004" lon="-71.31998">
    <ele>42.940000000000005</ele>
   </trkpt>
   <trkpt lat="42.16928" lon="-71.31998">
    <ele>43.54</ele>
   </trkpt>
   <trkpt lat="42.16939" lon="-71.32002">
    <ele>43.86</ele>
   </trkpt>
   <trkpt lat="42.170010000000005" lon="-71.32051">
    <ele>44.38</ele>
   </trkpt>
   <trkpt lat="42.17027" lon="-71.32065">
    <ele>43.97</ele>
   </trkpt>
   <trkpt lat="42.17051" lon="-71.3207">
    <ele>43.910000000000004</ele>
   </trkpt>
   <trkpt lat="42.17074" lon="-71.32069">
    <ele>43.88</ele>
   </trkpt>
   <trkpt lat="42.170840000000005" lon="-71.32065">
    <ele>43.730000000000004</ele>
   </trkpt>
   <trkpt lat="42.17099" lon="-71.32050000000001">
    <ele>43.410000000000004</ele>
   </trkpt>
   <trkpt lat="42.1711" lon="-71.32034">
    <ele>43.410000000000004</ele>
   </trkpt>
   <trkpt lat="42.171200000000006" lon="-71.32012">
    <ele>42.88</ele>
   </trkpt>
   <trkpt lat="42.17145" lon="-71.31944">
    <ele>41.830000000000005</ele>
   </trkpt>
   <trkpt lat="42.171620000000004" lon="-71.31877">
    <ele>38.43000000000001</ele>
   </trkpt>
   <trkpt lat="42.1717" lon="-71.31859">
    <ele>37.73</ele>
   </trkpt>
   <trkpt lat="42.17192" lon="-71.31814">
    <ele>36.910000000000004</ele>
   </trkpt>
   <trkpt lat="42.172380000000004" lon="-71.31729">
    <ele>37.22</ele>
   </trkpt>
   <trkpt lat="42.17262" lon="-71.31693">
    <ele>37.21</ele>
   </trkpt>
   <trkpt lat="42.17304" lon="-71.31653">
    <ele>37.06</ele>
   </trkpt>
   <trkpt lat="42.17348000095085" lon="-71.31606000327861">
    <ele>37.01</ele>
   </trkpt>
   <trkpt lat="42.17392" lon="-71.31559">
    <ele>36.550000000000004</ele>
   </trkpt>
   <trkpt lat="42.17449000123174" lon="-71.31505500483213">
    <ele>36.44</ele>
   </trkpt>
   <trkpt lat="42.17506" lon="-71.31452">
    <ele>36.38</ele>
   </trkpt>
   <trkpt lat="42.17545500047867" lon="-71.3141800021436">
    <ele>36.660000000000004</ele>
   </trkpt>
   <trkpt lat="42.175850000000004" lon="-71.31384">
    <ele>37.42</ele>
   </trkpt>
   <trkpt lat="42.176010000000005" lon="-71.31375">
    <ele>38.03</ele>
   </trkpt>
   <trkpt lat="42.176370000000006" lon="-71.31358">
    <ele>39.66</ele>
   </trkpt>
   <trkpt lat="42.177240000000005" lon="-71.31344">
    <ele>41.6</ele>
   </trkpt>
   <trkpt lat="42.177670000000006" lon="-71.31344">
    <ele>41.56</ele>
   </trkpt>
   <trkpt lat="42.178140000000006" lon="-71.31353">
    <ele>39.769999999999996</ele>
   </trkpt>
   <trkpt lat="42.178540000000005" lon="-71.31366000000001">
    <ele>38.720000000000006</ele>
   </trkpt>
   <trkpt lat="42.179080000000006" lon="-71.31403">
    <ele>38.44</ele>
   </trkpt>
   <trkpt lat="42.17922" lon="-71.31411">
    <ele>38.46</ele>
   </trkpt>
   <trkpt lat="42.179370000000006" lon="-71.31416">
    <ele>38.45</ele>
   </trkpt>
   <trkpt lat="42.179640000000006" lon="-71.31411">
    <ele>38.400000000000006</ele>
   </trkpt>
   <trkpt lat="42.1799" lon="-71.31398">
    <ele>38.400000000000006</ele>
   </trkpt>
   <trkpt lat="42.180220000000006" lon="-71.31375">
    <ele>38.63</ele>
   </trkpt>
   <trkpt lat="42.18061" lon="-71.3134">
    <ele>39.339999999999996</ele>
   </trkpt>
   <trkpt lat="42.18106" lon="-71.31295">
    <ele>40.74</ele>
   </trkpt>
   <trkpt lat="42.18153000084568" lon="-71.31252500310366">
    <ele>41.74</ele>
   </trkpt>
   <trkpt lat="42.182" lon="-71.3121">
    <ele>42.9</ele>
   </trkpt>
   <trkpt lat="42.18213" lon="-71.31201">
    <ele>43.15</ele>
   </trkpt>
   <trkpt lat="42.18222" lon="-71.31196">
    <ele>43.83</ele>
   </trkpt>
   <trkpt lat="42.182300000000005" lon="-71.31193">
    <ele>43.83</ele>
   </trkpt>
   <trkpt lat="42.18256" lon="-71.31201">
    <ele>44.17</ele>
   </trkpt>
   <trkpt lat="42.18320000000001" lon="-71.31237">
    <ele>45.76</ele>
   </trkpt>
   <trkpt lat="42.183350000000004" lon="-71.31241">
    <ele>46.43000000000001</ele>
   </trkpt>
   <trkpt lat="42.18348" lon="-71.31240000000001">
    <ele>46.81</ele>
   </trkpt>
   <trkpt lat="42.18391000019237" lon="-71.3122200012026">
    <ele>49.68</ele>
   </trkpt>
   <trkpt lat="42.184340000000006" lon="-71.31204000000001">
    <ele>53.44</ele>
   </trkpt>
   <trkpt lat="42.18444" lon="-71.31201">
    <ele>53.69</ele>
   </trkpt>
   <trkpt lat="42.184540000000005" lon="-71.31192">
    <ele>53.900000000000006</ele>
   </trkpt>
   <trkpt lat="42.18484" lon="-71.31148">
    <ele>54.1</ele>
   </trkpt>
   <trkpt lat="42.184940000000005" lon="-71.31141000000001">
    <ele>54.1</ele>
   </trkpt>
   <trkpt lat="42.185010000000005" lon="-71.31107">
    <ele>54.77</ele>
   </trkpt>
   <trkpt lat="42.185280000000006" lon="-71.31002000000001">
    <ele>55.52</ele>
   </trkpt>
   <trkpt lat="42.185480000000005" lon="-71.30932">
    <ele>55.730000000000004</ele>
   </trkpt>
   <trkpt lat="42.18556" lon="-71.30892">
    <ele>55.81</ele>
   </trkpt>
   <trkpt lat="42.185770000000005" lon="-71.30928">
    <ele>54.92</ele>
   </trkpt>
   <trkpt lat="42.18582000000001" lon="-71.30933">
    <ele>54.92</ele>
   </trkpt>
   <trkpt lat="42.18601" lon="-71.30962000000001">
    <ele>53.92</ele>
   </trkpt>
   <trkpt lat="42.18653750807703" lon="-71.31040748028448">
    <ele>50.64</ele>
   </trkpt>
   <trkpt lat="42.18706501076844" lon="-71.31119497371083">
    <ele>48.6</ele>
   </trkpt>
   <trkpt lat="42.18759250807402" lon="-71.31198248027937">
    <ele>46.52</ele>
   </trkpt>
   <trkpt lat="42.188120000000005" lon="-71.31277">
    <ele>45.69</ele>
   </trkpt>
   <trkpt lat="42.18849" lon="-71.31335">
    <ele>46.59</ele>
   </trkpt>
   <trkpt lat="42.18891" lon="-71.31424000000001">
    <ele>48.650000000000006</ele>
   </trkpt>
   <trkpt lat="42.18905" lon="-71.31465">
    <ele>49.080000000000005</ele>
   </trkpt>
   <trkpt lat="42.18927" lon="-71.31537">
    <ele>50.120000000000005</ele>
   </trkpt>
   <trkpt lat="42.189520006755906" lon="-71.31624999314657">
    <ele>51.68</ele>
   </trkpt>
   <trkpt lat="42.18977000678643" lon="-71.31712999325397">
    <ele>52.74</ele>
   </trkpt>
   <trkpt lat="42.190020000000004" lon="-71.31801">
    <ele>53.51</ele>
   </trkpt>
   <trkpt lat="42.190265002543974" lon="-71.3187699971654">
    <ele>53.25000000000001</ele>
   </trkpt>
   <trkpt lat="42.19051" lon="-71.31953">
    <ele>52.370000000000005</ele>
   </trkpt>
   <trkpt lat="42.190780000000004" lon="-71.3203">
    <ele>50.59</ele>
   </trkpt>
   <trkpt lat="42.19106" lon="-71.32105">
    <ele>48.940000000000005</ele>
   </trkpt>
   <trkpt lat="42.19148500446046" lon="-71.32205999328208">
    <ele>46.650000000000006</ele>
   </trkpt>
   <trkpt lat="42.19191" lon="-71.32307">
    <ele>45.050000000000004</ele>
   </trkpt>
   <trkpt lat="42.19229000000001" lon="-71.32393">
    <ele>44.160000000000004</ele>
   </trkpt>
   <trkpt lat="42.19255500131549" lon="-71.32446499790345">
    <ele>42.81</ele>
   </trkpt>
   <trkpt lat="42.192820000000005" lon="-71.325">
    <ele>42.330000000000005</ele>
   </trkpt>
   <trkpt lat="42.19309500117112" lon="-71.32550999785825">
    <ele>42.35</ele>
   </trkpt>
   <trkpt lat="42.19337" lon="-71.32602">
    <ele>43.22</ele>
   </trkpt>
   <trkpt lat="42.1938100027074" lon="-71.32679999468589">
    <ele>44.97</ele>
   </trkpt>
   <trkpt lat="42.194250000000004" lon="-71.32758000000001">
    <ele>46.910000000000004</ele>
   </trkpt>
   <trkpt lat="42.19473000000001" lon="-71.32835">
    <ele>47.57</ele>
   </trkpt>
   <trkpt lat="42.19505000083468" lon="-71.32881999743728">
    <ele>47.190000000000005</ele>
   </trkpt>
   <trkpt lat="42.195370000000004" lon="-71.32929">
    <ele>45.94</ele>
   </trkpt>
   <trkpt lat="42.19590333775394" lon="-71.33000665451671">
    <ele>43.65</ele>
   </trkpt>
   <trkpt lat="42.196436671047294" lon="-71.33072332112947">
    <ele>40.970000000000006</ele>
   </trkpt>
   <trkpt lat="42.19697" lon="-71.33144">
    <ele>39.760000000000005</ele>
   </trkpt>
   <trkpt lat="42.19740500109407" lon="-71.33193499662684">
    <ele>38.7</ele>
   </trkpt>
   <trkpt lat="42.19784000000001" lon="-71.33243">
    <ele>38.39</ele>
   </trkpt>
   <trkpt lat="42.198230000796144" lon="-71.33284999744036">
    <ele>38.3</ele>
   </trkpt>
   <trkpt lat="42.198620000000005" lon="-71.33327">
    <ele>38.06</ele>
   </trkpt>
   <trkpt lat="42.199040000000004" lon="-71.33372">
    <ele>37.74</ele>
   </trkpt>
   <trkpt lat="42.19969000148814" lon="-71.33432499368232">
    <ele>38.03</ele>
   </trkpt>
   <trkpt lat="42.200340000000004" lon="-71.33493">
    <ele>38.67</ele>
   </trkpt>
   <trkpt lat="42.20108112518964" lon="-71.33556660692233">
    <ele>39.28</ele>
   </trkpt>
   <trkpt lat="42.20182224685943" lon="-71.33620322877866">
    <ele>39.42</ele>
   </trkpt>
   <trkpt lat="42.2025633650092" lon="-71.33683986556962">
    <ele>38.96</ele>
   </trkpt>
   <trkpt lat="42.20330447963875" lon="-71.33747651729591">
    <ele>38.41</ele>
   </trkpt>
   <trkpt lat="42.20404559074793" lon="-71.33811318395821">
    <ele>38.32</ele>
   </trkpt>
   <trkpt lat="42.20478669833657" lon="-71.33874986555716">
    <ele>39.089999999999996</ele>
   </trkpt>
   <trkpt lat="42.2055278024045" lon="-71.33938656209344">
    <ele>39.27</ele>
   </trkpt>
   <trkpt lat="42.206268902951535" lon="-71.34002327356772">
    <ele>39.7</ele>
   </trkpt>
   <trkpt lat="42.207010000000004" lon="-71.34066">
    <ele>40.449999999999996</ele>
   </trkpt>
   <trkpt lat="42.207600000000006" lon="-71.3412">
    <ele>40.980000000000004</ele>
   </trkpt>
   <trkpt lat="42.20788" lon="-71.34151">
    <ele>41.18</ele>
   </trkpt>
   <trkpt lat="42.20826" lon="-71.34205">
    <ele>40.99</ele>
   </trkpt>
   <trkpt lat="42.208490000000005" lon="-71.34241">
    <ele>40.690000000000005</ele>
   </trkpt>
   <trkpt lat="42.208670000000005" lon="-71.34273">
    <ele>40.580000000000005</ele>
   </trkpt>
   <trkpt lat="42.20895" lon="-71.3434">
    <ele>40.269999999999996</ele>
   </trkpt>
   <trkpt lat="42.20906" lon="-71.34373000000001">
    <ele>40.18</ele>
   </trkpt>
   <trkpt lat="42.2092" lon="-71.3442">
    <ele>40.080000000000005</ele>
   </trkpt>
   <trkpt lat="42.209340000000005" lon="-71.34478">
    <ele>39.67</ele>
   </trkpt>
   <trkpt lat="42.2094" lon="-71.34514">
    <ele>39.67</ele>
   </trkpt>
   <trkpt lat="42.20950718046641" lon="-71.34634141633933">
    <ele>39.1</ele>
   </trkpt>
   <trkpt lat="42.20961434839643" lon="-71.34754283675547">
    <ele>38.830000000000005</ele>
   </trkpt>
   <trkpt lat="42.20972150378996" lon="-71.348744261248">
    <ele>38.720000000000006</ele>
   </trkpt>
   <trkpt lat="42.20982864664695" lon="-71.34994568981645">
    <ele>39.150000000000006</ele>
   </trkpt>
   <trkpt lat="42.209935776967264" lon="-71.35114712246038">
    <ele>39.71</ele>
   </trkpt>
   <trkpt lat="42.21004289475084" lon="-71.35234855917933">
    <ele>42.4</ele>
   </trkpt>
   <trkpt lat="42.210150000000006" lon="-71.35355000000001">
    <ele>47.150000000000006</ele>
   </trkpt>
   <trkpt lat="42.210210000000004" lon="-71.354">
    <ele>50.870000000000005</ele>
   </trkpt>
   <trkpt lat="42.21034" lon="-71.35455">
    <ele>53.44</ele>
   </trkpt>
   <trkpt lat="42.21058" lon="-71.35526">
    <ele>58.1</ele>
   </trkpt>
   <trkpt lat="42.210860000000004" lon="-71.35588">
    <ele>60.7</ele>
   </trkpt>
   <trkpt lat="42.21106" lon="-71.35624">
    <ele>61.94</ele>
   </trkpt>
   <trkpt lat="42.21156600982169" lon="-71.35699197590041">
    <ele>63.68</ele>
   </trkpt>
   <trkpt lat="42.21207201473203" lon="-71.3577439638493">
    <ele>64.34</ele>
   </trkpt>
   <trkpt lat="42.212578014730816" lon="-71.35849596384699">
    <ele>65.29</ele>
   </trkpt>
   <trkpt lat="42.21308400981793" lon="-71.35924797589374">
    <ele>65.68</ele>
   </trkpt>
   <trkpt lat="42.21359" lon="-71.36">
    <ele>67.15</ele>
   </trkpt>
   <trkpt lat="42.213840000000005" lon="-71.36027">
    <ele>67.23</ele>
   </trkpt>
   <trkpt lat="42.21435" lon="-71.36067">
    <ele>67.69</ele>
   </trkpt>
   <trkpt lat="42.2145" lon="-71.36034000000001">
    <ele>68.22</ele>
   </trkpt>
   <trkpt lat="42.214620000000004" lon="-71.36018">
    <ele>68.16000000000001</ele>
   </trkpt>
   <trkpt lat="42.21486" lon="-71.35956">
    <ele>65.48</ele>
   </trkpt>
   <trkpt lat="42.214890000000004" lon="-71.35938">
    <ele>63.19000000000001</ele>
   </trkpt>
   <trkpt lat="42.21488" lon="-71.35884">
    <ele>59.29</ele>
   </trkpt>
   <trkpt lat="42.214830000000006" lon="-71.35848">
    <ele>55.330000000000005</ele>
   </trkpt>
   <trkpt lat="42.214780000000005" lon="-71.3583">
    <ele>54.27</ele>
   </trkpt>
   <trkpt lat="42.2147" lon="-71.35813">
    <ele>53.74</ele>
   </trkpt>
   <trkpt lat="42.21432" lon="-71.35767">
    <ele>49.64</ele>
   </trkpt>
   <trkpt lat="42.214200000000005" lon="-71.35745">
    <ele>47.2</ele>
   </trkpt>
   <trkpt lat="42.21419" lon="-71.35704000000001">
    <ele>42.690000000000005</ele>
   </trkpt>
   <trkpt lat="42.21432" lon="-71.3566">
    <ele>40.510000000000005</ele>
   </trkpt>
   <trkpt lat="42.21466" lon="-71.35616">
    <ele>40.31</ele>
   </trkpt>
   <trkpt lat="42.214650000000006" lon="-71.35610000000001">
    <ele>40.370000000000005</ele>
   </trkpt>
   <trkpt lat="42.21461" lon="-71.35597">
    <ele>40.35</ele>
   </trkpt>
   <trkpt lat="42.21455" lon="-71.35589">
    <ele>40.24</ele>
   </trkpt>
   <trkpt lat="42.214400000000005" lon="-71.35576">
    <ele>38.900000000000006</ele>
   </trkpt>
   <trkpt lat="42.214180000000006" lon="-71.35548">
    <ele>38.21</ele>
   </trkpt>
   <trkpt lat="42.21383" lon="-71.35521">
    <ele>38.19</ele>
   </trkpt>
   <trkpt lat="42.21369000000001" lon="-71.35504">
    <ele>38.77</ele>
   </trkpt>
   <trkpt lat="42.21322000000001" lon="-71.35428">
    <ele>38.96</ele>
   </trkpt>
   <trkpt lat="42.213300000000004" lon="-71.35405">
    <ele>37.99</ele>
   </trkpt>
   <trkpt lat="42.213420000000006" lon="-71.35383">
    <ele>37.64</ele>
   </trkpt>
   <trkpt lat="42.21354" lon="-71.35355000000001">
    <ele>37.290000000000006</ele>
   </trkpt>
   <trkpt lat="42.21405" lon="-71.35262">
    <ele>39.17</ele>
   </trkpt>
   <trkpt lat="42.21417" lon="-71.35244">
    <ele>39.43</ele>
   </trkpt>
   <trkpt lat="42.21459" lon="-71.35194">
    <ele>37.49</ele>
   </trkpt>
   <trkpt lat="42.21479" lon="-71.35163">
    <ele>38.71</ele>
   </trkpt>
   <trkpt lat="42.2149" lon="-71.3515">
    <ele>39.02</ele>
   </trkpt>
   <trkpt lat="42.21508" lon="-71.35136">
    <ele>40.019999999999996</ele>
   </trkpt>
   <trkpt lat="42.21542" lon="-71.35123">
    <ele>41.71</ele>
   </trkpt>
   <trkpt lat="42.21547" lon="-71.35086000000001">
    <ele>40.760000000000005</ele>
   </trkpt>
   <trkpt lat="42.21546" lon="-71.35074">
    <ele>40.53</ele>
   </trkpt>
   <trkpt lat="42.21537" lon="-71.35047">
    <ele>40.1</ele>
   </trkpt>
   <trkpt lat="42.215270000000004" lon="-71.35033">
    <ele>39.92</ele>
   </trkpt>
   <trkpt lat="42.21515" lon="-71.35006">
    <ele>38.8</ele>
   </trkpt>
   <trkpt lat="42.214960000000005" lon="-71.34975">
    <ele>38.38</ele>
   </trkpt>
   <trkpt lat="42.214920000000006" lon="-71.34957">
    <ele>38.49</ele>
   </trkpt>
   <trkpt lat="42.21493" lon="-71.34944">
    <ele>38.61000000000001</ele>
   </trkpt>
   <trkpt lat="42.215" lon="-71.34921">
    <ele>38.89</ele>
   </trkpt>
   <trkpt lat="42.215030000000006" lon="-71.34885">
    <ele>39.85</ele>
   </trkpt>
   <trkpt lat="42.215050000000005" lon="-71.34880000000001">
    <ele>40.28</ele>
   </trkpt>
   <trkpt lat="42.215120000000006" lon="-71.34872">
    <ele>40.78</ele>
   </trkpt>
   <trkpt lat="42.215210000000006" lon="-71.34888000000001">
    <ele>41.400000000000006</ele>
   </trkpt>
   <trkpt lat="42.21531" lon="-71.34885">
    <ele>43.120000000000005</ele>
   </trkpt>
   <trkpt lat="42.2154" lon="-71.34872">
    <ele>45.69</ele>
   </trkpt>
   <trkpt lat="42.21562" lon="-71.3485">
    <ele>48.61000000000001</ele>
   </trkpt>
   <trkpt lat="42.21571" lon="-71.34842">
    <ele>49.980000000000004</ele>
   </trkpt>
   <trkpt lat="42.21596" lon="-71.34832">
    <ele>55.540000000000006</ele>
   </trkpt>
   <trkpt lat="42.21614" lon="-71.34830000000001">
    <ele>56.730000000000004</ele>
   </trkpt>
   <trkpt lat="42.216190000000005" lon="-71.34814">
    <ele>57.86</ele>
   </trkpt>
   <trkpt lat="42.216280000000005" lon="-71.348">
    <ele>58.17</ele>
   </trkpt>
   <trkpt lat="42.216570000000004" lon="-71.34787">
    <ele>58.60000000000001</ele>
   </trkpt>
   <trkpt lat="42.216680000000004" lon="-71.34779">
    <ele>58.940000000000005</ele>
   </trkpt>
   <trkpt lat="42.21701" lon="-71.34774">
    <ele>61.17</ele>
   </trkpt>
   <trkpt lat="42.21712" lon="-71.34761">
    <ele>62.78</ele>
   </trkpt>
   <trkpt lat="42.21717" lon="-71.34727000000001">
    <ele>66.7</ele>
   </trkpt>
   <trkpt lat="42.21699" lon="-71.3472">
    <ele>67.27000000000001</ele>
   </trkpt>
   <trkpt lat="42.216840000000005" lon="-71.34711">
    <ele>67.07000000000001</ele>
   </trkpt>
   <trkpt lat="42.216800000000006" lon="-71.34706">
    <ele>66.78</ele>
   </trkpt>
   <trkpt lat="42.21665" lon="-71.34671">
    <ele>66.43</ele>
   </trkpt>
   <trkpt lat="42.216440000000006" lon="-71.3463">
    <ele>64.14999999999999</ele>
   </trkpt>
   <trkpt lat="42.216280000000005" lon="-71.34617">
    <ele>64.13000000000001</ele>
   </trkpt>
   <trkpt lat="42.216120000000004" lon="-71.34599">
    <ele>66.48</ele>
   </trkpt>
   <trkpt lat="42.216300000000004" lon="-71.34586">
    <ele>70.0</ele>
   </trkpt>
   <trkpt lat="42.216350000000006" lon="-71.34581">
    <ele>70.65</ele>
   </trkpt>
   <trkpt lat="42.21642000000001" lon="-71.34577">
    <ele>71.86</ele>
   </trkpt>
   <trkpt lat="42.2165" lon="-71.34568">
    <ele>73.21000000000001</ele>
   </trkpt>
   <trkpt lat="42.21672" lon="-71.34563">
    <ele>74.38</ele>
   </trkpt>
   <trkpt lat="42.216840000000005" lon="-71.3455">
    <ele>74.62</ele>
   </trkpt>
   <trkpt lat="42.2169" lon="-71.34539000000001">
    <ele>74.61000000000001</ele>
   </trkpt>
   <trkpt lat="42.217040000000004" lon="-71.34497">
    <ele>73.78000000000002</ele>
   </trkpt>
   <trkpt lat="42.217040000000004" lon="-71.34498">
    <ele>73.81</ele>
   </trkpt>
   <trkpt lat="42.21708" lon="-71.34487">
    <ele>73.57000000000001</ele>
   </trkpt>
   <trkpt lat="42.217150000000004" lon="-71.34451">
    <ele>71.75</ele>
   </trkpt>
   <trkpt lat="42.217310000000005" lon="-71.34415">
    <ele>70.10000000000001</ele>
   </trkpt>
   <trkpt lat="42.21757" lon="-71.34402">
    <ele>69.05</ele>
   </trkpt>
   <trkpt lat="42.217690000000005" lon="-71.34401000000001">
    <ele>68.85000000000001</ele>
   </trkpt>
   <trkpt lat="42.21788" lon="-71.34371">
    <ele>68.14</ele>
   </trkpt>
   <trkpt lat="42.21797" lon="-71.34344">
    <ele>67.66000000000001</ele>
   </trkpt>
   <trkpt lat="42.218030000000006" lon="-71.34338000000001">
    <ele>67.66000000000001</ele>
   </trkpt>
   <trkpt lat="42.218230000000005" lon="-71.34336">
    <ele>67.73</ele>
   </trkpt>
   <trkpt lat="42.218320000000006" lon="-71.34343000000001">
    <ele>68.10000000000001</ele>
   </trkpt>
   <trkpt lat="42.21857000000001" lon="-71.34348">
    <ele>65.31</ele>
   </trkpt>
   <trkpt lat="42.218790000000006" lon="-71.34375">
    <ele>61.64000000000001</ele>
   </trkpt>
   <trkpt lat="42.21895000000001" lon="-71.34389">
    <ele>59.67000000000001</ele>
   </trkpt>
   <trkpt lat="42.21923" lon="-71.34406">
    <ele>53.720000000000006</ele>
   </trkpt>
   <trkpt lat="42.21923" lon="-71.34419000000001">
    <ele>53.57000000000001</ele>
   </trkpt>
   <trkpt lat="42.21931" lon="-71.34433">
    <ele>54.1</ele>
   </trkpt>
   <trkpt lat="42.2194" lon="-71.34443">
    <ele>55.00000000000001</ele>
   </trkpt>
   <trkpt lat="42.21949" lon="-71.34451">
    <ele>55.440000000000005</ele>
   </trkpt>
   <trkpt lat="42.21960000000001" lon="-71.34466">
    <ele>55.830000000000005</ele>
   </trkpt>
   <trkpt lat="42.219750000000005" lon="-71.34483">
    <ele>54.77</ele>
   </trkpt>
   <trkpt lat="42.21979" lon="-71.34508000000001">
    <ele>54.19</ele>
   </trkpt>
   <trkpt lat="42.21983" lon="-71.34514">
    <ele>54.900000000000006</ele>
   </trkpt>
   <trkpt lat="42.219910000000006" lon="-71.34522000000001">
    <ele>55.220000000000006</ele>
   </trkpt>
   <trkpt lat="42.2201" lon="-71.34522000000001">
    <ele>53.6</ele>
   </trkpt>
   <trkpt lat="42.22019" lon="-71.34527">
    <ele>53.01</ele>
   </trkpt>
   <trkpt lat="42.22026" lon="-71.34536">
    <ele>52.9</ele>
   </trkpt>
   <trkpt lat="42.22036000000001" lon="-71.34541">
    <ele>53.25000000000001</ele>
   </trkpt>
   <trkpt lat="42.220510000000004" lon="-71.34541">
    <ele>54.03</ele>
   </trkpt>
   <trkpt lat="42.22063000000001" lon="-71.34532">
    <ele>52.59</ele>
   </trkpt>
   <trkpt lat="42.22073" lon="-71.34533">
    <ele>51.81</ele>
   </trkpt>
   <trkpt lat="42.22082" lon="-71.34541">
    <ele>49.330000000000005</ele>
   </trkpt>
   <trkpt lat="42.22095" lon="-71.34554">
    <ele>47.34</ele>
   </trkpt>
   <trkpt lat="42.220960000000005" lon="-71.34564">
    <ele>46.690000000000005</ele>
   </trkpt>
   <trkpt lat="42.22102" lon="-71.34572">
    <ele>45.32000000000001</ele>
   </trkpt>
   <trkpt lat="42.22119" lon="-71.34582">
    <ele>42.31</ele>
   </trkpt>
   <trkpt lat="42.22131" lon="-71.34586">
    <ele>41.29</ele>
   </trkpt>
   <trkpt lat="42.2214" lon="-71.34576000000001">
    <ele>39.45</ele>
   </trkpt>
   <trkpt lat="42.22151" lon="-71.34568">
    <ele>39.45</ele>
   </trkpt>
   <trkpt lat="42.221590000000006" lon="-71.34555">
    <ele>38.35</ele>
   </trkpt>
   <trkpt lat="42.221940000000004" lon="-71.3451">
    <ele>37.12</ele>
   </trkpt>
   <trkpt lat="42.22222" lon="-71.34466">
    <ele>37.36000000000001</ele>
   </trkpt>
   <trkpt lat="42.22279" lon="-71.34389">
    <ele>37.26</ele>
   </trkpt>
   <trkpt lat="42.2229" lon="-71.34371">
    <ele>37.26</ele>
   </trkpt>
   <trkpt lat="42.223040000000005" lon="-71.34357">
    <ele>37.2</ele>
   </trkpt>
   <trkpt lat="42.223200000000006" lon="-71.34344">
    <ele>37.11000000000001</ele>
   </trkpt>
   <trkpt lat="42.223310000000005" lon="-71.34325000000001">
    <ele>36.99</ele>
   </trkpt>
   <trkpt lat="42.223470000000006" lon="-71.34309">
    <ele>36.89000000000001</ele>
   </trkpt>
   <trkpt lat="42.22366" lon="-71.34297000000001">
    <ele>36.7</ele>
   </trkpt>
   <trkpt lat="42.223690000000005" lon="-71.34295">
    <ele>36.69</ele>
   </trkpt>
   <trkpt lat="42.223800000000004" lon="-71.3429">
    <ele>36.660000000000004</ele>
   </trkpt>
   <trkpt lat="42.22422" lon="-71.34281">
    <ele>36.94</ele>
   </trkpt>
   <trkpt lat="42.224270000000004" lon="-71.34236">
    <ele>36.69</ele>
   </trkpt>
   <trkpt lat="42.224680000000006" lon="-71.34133">
    <ele>36.36</ele>
   </trkpt>
   <trkpt lat="42.225" lon="-71.34089">
    <ele>36.6</ele>
   </trkpt>
   <trkpt lat="42.22525" lon="-71.34039">
    <ele>36.33</ele>
   </trkpt>
   <trkpt lat="42.22572" lon="-71.33977">
    <ele>36.03</ele>
   </trkpt>
   <trkpt lat="42.22589000000001" lon="-71.33964">
    <ele>36.03</ele>
   </trkpt>
   <trkpt lat="42.226090000000006" lon="-71.33959">
    <ele>36.11</ele>
   </trkpt>
   <trkpt lat="42.226330000000004" lon="-71.33945">
    <ele>36.39000000000001</ele>
   </trkpt>
   <trkpt lat="42.22659" lon="-71.33923">
    <ele>36.34</ele>
   </trkpt>
   <trkpt lat="42.2269" lon="-71.33887">
    <ele>36.76</ele>
   </trkpt>
   <trkpt lat="42.22713" lon="-71.33855000000001">
    <ele>36.87</ele>
   </trkpt>
   <trkpt lat="42.22748000075843" lon="-71.33811000254305">
    <ele>36.87</ele>
   </trkpt>
   <trkpt lat="42.227830000000004" lon="-71.33767">
    <ele>37.19</ele>
   </trkpt>
   <trkpt lat="42.228270000709436" lon="-71.33724000308864">
    <ele>37.42</ele>
   </trkpt>
   <trkpt lat="42.22871000000001" lon="-71.33681">
    <ele>37.52</ele>
   </trkpt>
   <trkpt lat="42.229110000000006" lon="-71.3365">
    <ele>37.67</ele>
   </trkpt>
   <trkpt lat="42.229600000000005" lon="-71.33587">
    <ele>39.57</ele>
   </trkpt>
   <trkpt lat="42.22977" lon="-71.33578">
    <ele>38.98</ele>
   </trkpt>
   <trkpt lat="42.230030000000006" lon="-71.33573000000001">
    <ele>39.13</ele>
   </trkpt>
   <trkpt lat="42.230270000000004" lon="-71.33574">
    <ele>39.839999999999996</ele>
   </trkpt>
   <trkpt lat="42.230500000000006" lon="-71.33569">
    <ele>39.910000000000004</ele>
   </trkpt>
   <trkpt lat="42.23069" lon="-71.33556">
    <ele>39.2</ele>
   </trkpt>
   <trkpt lat="42.23102" lon="-71.33521">
    <ele>39.190000000000005</ele>
   </trkpt>
   <trkpt lat="42.23154" lon="-71.3348">
    <ele>41.580000000000005</ele>
   </trkpt>
   <trkpt lat="42.231640000000006" lon="-71.33462">
    <ele>41.57</ele>
   </trkpt>
   <trkpt lat="42.23171000000001" lon="-71.33443000000001">
    <ele>41.86</ele>
   </trkpt>
   <trkpt lat="42.23187" lon="-71.33412000000001">
    <ele>42.39</ele>
   </trkpt>
   <trkpt lat="42.232040000000005" lon="-71.33395">
    <ele>42.75</ele>
   </trkpt>
   <trkpt lat="42.232060000000004" lon="-71.33408">
    <ele>43.49</ele>
   </trkpt>
   <trkpt lat="42.23216" lon="-71.33426">
    <ele>43.97</ele>
   </trkpt>
   <trkpt lat="42.23284" lon="-71.33488000000001">
    <ele>46.13</ele>
   </trkpt>
   <trkpt lat="42.233340000000005" lon="-71.33525">
    <ele>49.78</ele>
   </trkpt>
   <trkpt lat="42.23371" lon="-71.33559000000001">
    <ele>51.34</ele>
   </trkpt>
   <trkpt lat="42.23406000000001" lon="-71.33587">
    <ele>52.800000000000004</ele>
   </trkpt>
   <trkpt lat="42.23418" lon="-71.33596">
    <ele>53.51</ele>
   </trkpt>
   <trkpt lat="42.23434" lon="-71.33601">
    <ele>54.760000000000005</ele>
   </trkpt>
   <trkpt lat="42.234795000187255" lon="-71.33607499955552">
    <ele>56.43000000000001</ele>
   </trkpt>
   <trkpt lat="42.23525" lon="-71.33614">
    <ele>58.660000000000004</ele>
   </trkpt>
   <trkpt lat="42.235640000000004" lon="-71.33618">
    <ele>59.85000000000001</ele>
   </trkpt>
   <trkpt lat="42.23623499985389" lon="-71.33629499887641">
    <ele>61.71000000000001</ele>
   </trkpt>
   <trkpt lat="42.236830000000005" lon="-71.33641">
    <ele>61.85</ele>
   </trkpt>
   <trkpt lat="42.23704" lon="-71.3365">
    <ele>61.07000000000001</ele>
   </trkpt>
   <trkpt lat="42.23724000000001" lon="-71.33663">
    <ele>60.49</ele>
   </trkpt>
   <trkpt lat="42.23731" lon="-71.33672">
    <ele>58.620000000000005</ele>
   </trkpt>
   <trkpt lat="42.23782666870347" lon="-71.33719999217301">
    <ele>55.03</ele>
   </trkpt>
   <trkpt lat="42.23834333540567" lon="-71.33767999220593">
    <ele>48.88</ele>
   </trkpt>
   <trkpt lat="42.23886" lon="-71.33816">
    <ele>46.7</ele>
   </trkpt>
   <trkpt lat="42.23915" lon="-71.33855000000001">
    <ele>46.50000000000001</ele>
   </trkpt>
   <trkpt lat="42.23949" lon="-71.33906">
    <ele>47.89</ele>
   </trkpt>
   <trkpt lat="42.23979500164118" lon="-71.33967999694563">
    <ele>47.980000000000004</ele>
   </trkpt>
   <trkpt lat="42.240100000000005" lon="-71.3403">
    <ele>47.53</ele>
   </trkpt>
   <trkpt lat="42.2402" lon="-71.34044">
    <ele>47.650000000000006</ele>
   </trkpt>
   <trkpt lat="42.24049" lon="-71.34093">
    <ele>49.17</ele>
   </trkpt>
   <trkpt lat="42.240550000000006" lon="-71.34111">
    <ele>50.36</ele>
   </trkpt>
   <trkpt lat="42.24065" lon="-71.34165">
    <ele>52.79</ele>
   </trkpt>
   <trkpt lat="42.24074" lon="-71.3425">
    <ele>54.39000000000001</ele>
   </trkpt>
   <trkpt lat="42.240790000000004" lon="-71.34280000000001">
    <ele>55.2</ele>
   </trkpt>
   <trkpt lat="42.24098" lon="-71.34348">
    <ele>56.81</ele>
   </trkpt>
   <trkpt lat="42.241240000000005" lon="-71.34424">
    <ele>59.0</ele>
   </trkpt>
   <trkpt lat="42.241330000000005" lon="-71.3442">
    <ele>59.75</ele>
   </trkpt>
   <trkpt lat="42.24145" lon="-71.34421">
    <ele>59.75</ele>
   </trkpt>
   <trkpt lat="42.24179" lon="-71.34398">
    <ele>60.79</ele>
   </trkpt>
   <trkpt lat="42.2423200004703" lon="-71.34366500262263">
    <ele>61.040000000000006</ele>
   </trkpt>
   <trkpt lat="42.242850000000004" lon="-71.34335">
    <ele>61.300000000000004</ele>
   </trkpt>
   <trkpt lat="42.24358000092093" lon="-71.34290000518115">
    <ele>61.800000000000004</ele>
   </trkpt>
   <trkpt lat="42.244310000000006" lon="-71.34245">
    <ele>62.13</ele>
   </trkpt>
   <trkpt lat="42.244960000000006" lon="-71.34192">
    <ele>60.65</ele>
   </trkpt>
   <trkpt lat="42.24506" lon="-71.34178">
    <ele>60.660000000000004</ele>
   </trkpt>
   <trkpt lat="42.245200000000004" lon="-71.34138">
    <ele>60.74</ele>
   </trkpt>
   <trkpt lat="42.24532000000001" lon="-71.34079000000001">
    <ele>58.910000000000004</ele>
   </trkpt>
   <trkpt lat="42.245450000000005" lon="-71.34043000000001">
    <ele>58.74000000000001</ele>
   </trkpt>
   <trkpt lat="42.24553" lon="-71.34026">
    <ele>59.18</ele>
   </trkpt>
   <trkpt lat="42.24566" lon="-71.34012">
    <ele>60.02</ele>
   </trkpt>
   <trkpt lat="42.246140000000004" lon="-71.33969">
    <ele>60.50000000000001</ele>
   </trkpt>
   <trkpt lat="42.24642" lon="-71.33918">
    <ele>60.7</ele>
   </trkpt>
   <trkpt lat="42.24651" lon="-71.33909">
    <ele>60.940000000000005</ele>
   </trkpt>
   <trkpt lat="42.246990000000004" lon="-71.33882000000001">
    <ele>61.86000000000001</ele>
   </trkpt>
   <trkpt lat="42.247240000000005" lon="-71.33865">
    <ele>61.67</ele>
   </trkpt>
   <trkpt lat="42.247600000000006" lon="-71.33837000000001">
    <ele>61.620000000000005</ele>
   </trkpt>
   <trkpt lat="42.24783" lon="-71.33812">
    <ele>61.45</ele>
   </trkpt>
   <trkpt lat="42.248090000000005" lon="-71.3378">
    <ele>61.01</ele>
   </trkpt>
   <trkpt lat="42.248160000000006" lon="-71.33762">
    <ele>60.56</ele>
   </trkpt>
   <trkpt lat="42.248310000000004" lon="-71.33704">
    <ele>59.5</ele>
   </trkpt>
   <trkpt lat="42.248400000000004" lon="-71.33686">
    <ele>59.72</ele>
   </trkpt>
   <trkpt lat="42.2486" lon="-71.33667000000001">
    <ele>60.83</ele>
   </trkpt>
   <trkpt lat="42.24895" lon="-71.33636">
    <ele>61.410000000000004</ele>
   </trkpt>
   <trkpt lat="42.24951" lon="-71.33565">
    <ele>62.02</ele>
   </trkpt>
   <trkpt lat="42.249700000000004" lon="-71.33534">
    <ele>61.92</ele>
   </trkpt>
   <trkpt lat="42.25009" lon="-71.33462">
    <ele>60.86000000000001</ele>
   </trkpt>
   <trkpt lat="42.250460000000004" lon="-71.33381">
    <ele>59.830000000000005</ele>
   </trkpt>
   <trkpt lat="42.25081500121141" lon="-71.33325500332126">
    <ele>59.72</ele>
   </trkpt>
   <trkpt lat="42.25117" lon="-71.3327">
    <ele>59.74</ele>
   </trkpt>
   <trkpt lat="42.25137" lon="-71.33247">
    <ele>59.03000000000001</ele>
   </trkpt>
   <trkpt lat="42.251810000000006" lon="-71.33216">
    <ele>55.34</ele>
   </trkpt>
   <trkpt lat="42.25202" lon="-71.33197000000001">
    <ele>53.25000000000001</ele>
   </trkpt>
   <trkpt lat="42.252190000000006" lon="-71.33184">
    <ele>52.31</ele>
   </trkpt>
   <trkpt lat="42.252370000000006" lon="-71.3318">
    <ele>48.910000000000004</ele>
   </trkpt>
   <trkpt lat="42.25256" lon="-71.33179000000001">
    <ele>47.66</ele>
   </trkpt>
   <trkpt lat="42.25302000000001" lon="-71.3318">
    <ele>44.52</ele>
   </trkpt>
   <trkpt lat="42.2533" lon="-71.33179000000001">
    <ele>42.870000000000005</ele>
   </trkpt>
   <trkpt lat="42.2537" lon="-71.33166">
    <ele>40.79</ele>
   </trkpt>
   <trkpt lat="42.253980000000006" lon="-71.33144">
    <ele>39.790000000000006</ele>
   </trkpt>
   <trkpt lat="42.25408" lon="-71.3313">
    <ele>39.150000000000006</ele>
   </trkpt>
   <trkpt lat="42.25419" lon="-71.33108">
    <ele>38.63</ele>
   </trkpt>
   <trkpt lat="42.254580000000004" lon="-71.33068">
    <ele>38.25000000000001</ele>
   </trkpt>
   <trkpt lat="42.254960000000004" lon="-71.33022000000001">
    <ele>38.37</ele>
   </trkpt>
   <trkpt lat="42.255010000000006" lon="-71.33013000000001">
    <ele>38.37</ele>
   </trkpt>
   <trkpt lat="42.25535" lon="-71.32975">
    <ele>39.7</ele>
   </trkpt>
   <trkpt lat="42.2554" lon="-71.32965">
    <ele>39.99</ele>
   </trkpt>
   <trkpt lat="42.255500000000005" lon="-71.32888000000001">
    <ele>43.31</ele>
   </trkpt>
   <trkpt lat="42.25558" lon="-71.32853">
    <ele>44.46000000000001</ele>
   </trkpt>
   <trkpt lat="42.255720000000004" lon="-71.328">
    <ele>46.17</ele>
   </trkpt>
   <trkpt lat="42.255840000000006" lon="-71.3279">
    <ele>46.82</ele>
   </trkpt>
   <trkpt lat="42.256040000000006" lon="-71.32780000000001">
    <ele>48.120000000000005</ele>
   </trkpt>
   <trkpt lat="42.2563" lon="-71.32778">
    <ele>49.71</ele>
   </trkpt>
   <trkpt lat="42.25699" lon="-71.32786">
    <ele>50.980000000000004</ele>
   </trkpt>
   <trkpt lat="42.25773" lon="-71.32799">
    <ele>50.99000000000001</ele>
   </trkpt>
   <trkpt lat="42.258430000000004" lon="-71.32825000000001">
    <ele>49.690000000000005</ele>
   </trkpt>
   <trkpt lat="42.25856" lon="-71.32827">
    <ele>48.730000000000004</ele>
   </trkpt>
   <trkpt lat="42.25874" lon="-71.32826">
    <ele>46.82</ele>
   </trkpt>
   <trkpt lat="42.25887" lon="-71.32822">
    <ele>46.12</ele>
   </trkpt>
   <trkpt lat="42.259" lon="-71.32816000000001">
    <ele>45.26</ele>
   </trkpt>
   <trkpt lat="42.25956" lon="-71.32755">
    <ele>42.660000000000004</ele>
   </trkpt>
   <trkpt lat="42.259690000000006" lon="-71.32745">
    <ele>42.04</ele>
   </trkpt>
   <trkpt lat="42.25981" lon="-71.32740000000001">
    <ele>41.6</ele>
   </trkpt>
   <trkpt lat="42.26019" lon="-71.32732">
    <ele>40.67</ele>
   </trkpt>
   <trkpt lat="42.26073" lon="-71.32728">
    <ele>39.99</ele>
   </trkpt>
   <trkpt lat="42.261210000000005" lon="-71.32728">
    <ele>39.870000000000005</ele>
   </trkpt>
   <trkpt lat="42.26126" lon="-71.32746">
    <ele>39.790000000000006</ele>
   </trkpt>
   <trkpt lat="42.26138" lon="-71.32736">
    <ele>39.760000000000005</ele>
   </trkpt>
   <trkpt lat="42.261540000000004" lon="-71.32728">
    <ele>39.68</ele>
   </trkpt>
   <trkpt lat="42.26171" lon="-71.32723">
    <ele>39.470000000000006</ele>
   </trkpt>
   <trkpt lat="42.262" lon="-71.32719">
    <ele>39.25</ele>
   </trkpt>
   <trkpt lat="42.262620000000005" lon="-71.32700000000001">
    <ele>38.42</ele>
   </trkpt>
   <trkpt lat="42.263100000310125" lon="-71.32675500184001">
    <ele>38.13</ele>
   </trkpt>
   <trkpt lat="42.263580000000005" lon="-71.32651">
    <ele>37.34</ele>
   </trkpt>
   <trkpt lat="42.26389" lon="-71.32628000000001">
    <ele>37.15</ele>
   </trkpt>
   <trkpt lat="42.26431" lon="-71.32585">
    <ele>36.88</ele>
   </trkpt>
   <trkpt lat="42.26486000101947" lon="-71.32537500410977">
    <ele>37.06</ele>
   </trkpt>
   <trkpt lat="42.26541" lon="-71.3249">
    <ele>37.36000000000001</ele>
   </trkpt>
   <trkpt lat="42.265730000000005" lon="-71.32458000000001">
    <ele>37.38</ele>
   </trkpt>
   <trkpt lat="42.26621333581758" lon="-71.3240433415821">
    <ele>37.4</ele>
   </trkpt>
   <trkpt lat="42.26669666913325" lon="-71.32350667493513">
    <ele>37.87</ele>
   </trkpt>
   <trkpt lat="42.26718" lon="-71.32297000000001">
    <ele>38.32</ele>
   </trkpt>
   <trkpt lat="42.267770000000006" lon="-71.32226">
    <ele>40.730000000000004</ele>
   </trkpt>
   <trkpt lat="42.268080000000005" lon="-71.32177">
    <ele>41.61</ele>
   </trkpt>
   <trkpt lat="42.26833000166557" lon="-71.3211600022988">
    <ele>41.6</ele>
   </trkpt>
   <trkpt lat="42.26858" lon="-71.32055000000001">
    <ele>41.650000000000006</ele>
   </trkpt>
   <trkpt lat="42.26868" lon="-71.32025">
    <ele>41.53</ele>
   </trkpt>
   <trkpt lat="42.26896000000001" lon="-71.31917">
    <ele>39.95</ele>
   </trkpt>
   <trkpt lat="42.269110000000005" lon="-71.31877">
    <ele>39.510000000000005</ele>
   </trkpt>
   <trkpt lat="42.269270000000006" lon="-71.31849000000001">
    <ele>39.730000000000004</ele>
   </trkpt>
   <trkpt lat="42.26941" lon="-71.31828">
    <ele>40.010000000000005</ele>
   </trkpt>
   <trkpt lat="42.269830000000006" lon="-71.31778">
    <ele>40.330000000000005</ele>
   </trkpt>
   <trkpt lat="42.270340000000004" lon="-71.3172">
    <ele>41.080000000000005</ele>
   </trkpt>
   <trkpt lat="42.27069" lon="-71.31698">
    <ele>41.510000000000005</ele>
   </trkpt>
   <trkpt lat="42.27141" lon="-71.31665000000001">
    <ele>42.010000000000005</ele>
   </trkpt>
   <trkpt lat="42.271820000000005" lon="-71.31651000000001">
    <ele>42.050000000000004</ele>
   </trkpt>
   <trkpt lat="42.272420000000004" lon="-71.31636">
    <ele>41.940000000000005</ele>
   </trkpt>
   <trkpt lat="42.27288" lon="-71.31605">
    <ele>40.74</ele>
   </trkpt>
   <trkpt lat="42.273250000000004" lon="-71.31573">
    <ele>40.11</ele>
   </trkpt>
   <trkpt lat="42.273590000000006" lon="-71.31541">
    <ele>39.53</ele>
   </trkpt>
   <trkpt lat="42.273830000000004" lon="-71.31508000000001">
    <ele>39.28</ele>
   </trkpt>
   <trkpt lat="42.274430003366376" lon="-71.31419000858305">
    <ele>39.13</ele>
   </trkpt>
   <trkpt lat="42.27503" lon="-71.31330000000001">
    <ele>38.92</ele>
   </trkpt>
   <trkpt lat="42.27554750724355" lon="-71.31255501833682">
    <ele>38.57</ele>
   </trkpt>
   <trkpt lat="42.276065009665636" lon="-71.31181002443856">
    <ele>38.49</ele>
   </trkpt>
   <trkpt lat="42.2765825072661" lon="-71.3110650183049">
    <ele>38.19</ele>
   </trkpt>
   <trkpt lat="42.277100000000004" lon="-71.31032">
    <ele>38.25000000000001</ele>
   </trkpt>
   <trkpt lat="42.27731" lon="-71.31008">
    <ele>38.25000000000001</ele>
   </trkpt>
   <trkpt lat="42.277770000000004" lon="-71.30969">
    <ele>38.38</ele>
   </trkpt>
   <trkpt lat="42.2785" lon="-71.30927000000001">
    <ele>37.75000000000001</ele>
   </trkpt>
   <trkpt lat="42.278830000000006" lon="-71.3091">
    <ele>37.55</ele>
   </trkpt>
   <trkpt lat="42.27939500081048" lon="-71.30871500333855">
    <ele>37.99</ele>
   </trkpt>
   <trkpt lat="42.27996" lon="-71.30833000000001">
    <ele>38.64</ele>
   </trkpt>
   <trkpt lat="42.280445000753744" lon="-71.30797000262936">
    <ele>40.84</ele>
   </trkpt>
   <trkpt lat="42.280930000000005" lon="-71.30761000000001">
    <ele>44.82000000000001</ele>
   </trkpt>
   <trkpt lat="42.281150000000004" lon="-71.30753">
    <ele>45.42</ele>
   </trkpt>
   <trkpt lat="42.28132" lon="-71.30749">
    <ele>45.86000000000001</ele>
   </trkpt>
   <trkpt lat="42.2817" lon="-71.30744">
    <ele>45.82000000000001</ele>
   </trkpt>
   <trkpt lat="42.282070000000004" lon="-71.30735">
    <ele>45.32000000000001</ele>
   </trkpt>
   <trkpt lat="42.282410000000006" lon="-71.30717">
    <ele>45.410000000000004</ele>
   </trkpt>
   <trkpt lat="42.28271" lon="-71.30696">
    <ele>45.67</ele>
   </trkpt>
   <trkpt lat="42.283300000000004" lon="-71.30640000000001">
    <ele>46.32000000000001</ele>
   </trkpt>
   <trkpt lat="42.28334" lon="-71.30637">
    <ele>46.34</ele>
   </trkpt>
   <trkpt lat="42.28376" lon="-71.30593">
    <ele>46.31</ele>
   </trkpt>
   <trkpt lat="42.28405" lon="-71.30561">
    <ele>46.040000000000006</ele>
   </trkpt>
   <trkpt lat="42.284420000000004" lon="-71.30493">
    <ele>43.870000000000005</ele>
   </trkpt>
   <trkpt lat="42.28426" lon="-71.30476">
    <ele>44.230000000000004</ele>
   </trkpt>
   <trkpt lat="42.284150000000004" lon="-71.30458">
    <ele>45.160000000000004</ele>
   </trkpt>
   <trkpt lat="42.284060000000004" lon="-71.30426">
    <ele>45.58</ele>
   </trkpt>
   <trkpt lat="42.28401" lon="-71.30386">
    <ele>45.81</ele>
   </trkpt>
   <trkpt lat="42.28403" lon="-71.30368">
    <ele>45.89000000000001</ele>
   </trkpt>
   <trkpt lat="42.28407000000001" lon="-71.30262">
    <ele>46.27</ele>
   </trkpt>
   <trkpt lat="42.28407000000001" lon="-71.30252">
    <ele>46.27</ele>
   </trkpt>
   <trkpt lat="42.284040000000005" lon="-71.30242000000001">
    <ele>46.13</ele>
   </trkpt>
   <trkpt lat="42.28387" lon="-71.30216">
    <ele>46.1</ele>
   </trkpt>
   <trkpt lat="42.28372" lon="-71.30202">
    <ele>45.910000000000004</ele>
   </trkpt>
   <trkpt lat="42.283210000000004" lon="-71.30189">
    <ele>45.75000000000001</ele>
   </trkpt>
   <trkpt lat="42.28332" lon="-71.30144">
    <ele>45.970000000000006</ele>
   </trkpt>
   <trkpt lat="42.283390000000004" lon="-71.30099">
    <ele>45.95</ele>
   </trkpt>
   <trkpt lat="42.28342000000001" lon="-71.3006">
    <ele>46.410000000000004</ele>
   </trkpt>
   <trkpt lat="42.2834" lon="-71.30018000000001">
    <ele>46.48</ele>
   </trkpt>
   <trkpt lat="42.28329" lon="-71.29948">
    <ele>46.39</ele>
   </trkpt>
   <trkpt lat="42.28323" lon="-71.29925">
    <ele>46.330000000000005</ele>
   </trkpt>
   <trkpt lat="42.28309" lon="-71.29894">
    <ele>46.26</ele>
   </trkpt>
   <trkpt lat="42.28285" lon="-71.29845">
    <ele>46.05</ele>
   </trkpt>
   <trkpt lat="42.2828" lon="-71.29830000000001">
    <ele>46.05</ele>
   </trkpt>
   <trkpt lat="42.28278" lon="-71.29813">
    <ele>45.92</ele>
   </trkpt>
   <trkpt lat="42.28293000510345" lon="-71.29704500265605">
    <ele>45.39000000000001</ele>
   </trkpt>
   <trkpt lat="42.283080000000005" lon="-71.29596000000001">
    <ele>45.77</ele>
   </trkpt>
   <trkpt lat="42.28305" lon="-71.29597000000001">
    <ele>45.77</ele>
   </trkpt>
   <trkpt lat="42.283" lon="-71.29603">
    <ele>45.39000000000001</ele>
   </trkpt>
   <trkpt lat="42.28285" lon="-71.29652">
    <ele>44.730000000000004</ele>
   </trkpt>
   <trkpt lat="42.2828" lon="-71.29661">
    <ele>44.730000000000004</ele>
   </trkpt>
   <trkpt lat="42.28271" lon="-71.29665">
    <ele>44.47</ele>
   </trkpt>
   <trkpt lat="42.282180000000004" lon="-71.29661">
    <ele>42.59</ele>
   </trkpt>
   <trkpt lat="42.28191" lon="-71.29661">
    <ele>42.260000000000005</ele>
   </trkpt>
   <trkpt lat="42.281800000000004" lon="-71.29665">
    <ele>42.260000000000005</ele>
   </trkpt>
   <trkpt lat="42.28166" lon="-71.29688">
    <ele>41.59</ele>
   </trkpt>
   <trkpt lat="42.2815" lon="-71.29697">
    <ele>41.120000000000005</ele>
   </trkpt>
   <trkpt lat="42.28117" lon="-71.29697">
    <ele>40.57</ele>
   </trkpt>
   <trkpt lat="42.280930000000005" lon="-71.29692">
    <ele>40.42</ele>
   </trkpt>
   <trkpt lat="42.280550000000005" lon="-71.29691000000001">
    <ele>39.06</ele>
   </trkpt>
   <trkpt lat="42.280370000000005" lon="-71.29692">
    <ele>38.3</ele>
   </trkpt>
   <trkpt lat="42.28004000000001" lon="-71.29705000000001">
    <ele>37.67</ele>
   </trkpt>
   <trkpt lat="42.2793550001227" lon="-71.29718000140387">
    <ele>37.01</ele>
   </trkpt>
   <trkpt lat="42.278670000000005" lon="-71.29731000000001">
    <ele>35.410000000000004</ele>
   </trkpt>
   <trkpt lat="42.27861" lon="-71.29732">
    <ele>35.29</ele>
   </trkpt>
   <trkpt lat="42.27788" lon="-71.29745000000001">
    <ele>34.58</ele>
   </trkpt>
   <trkpt lat="42.27776" lon="-71.29741">
    <ele>35.22</ele>
   </trkpt>
   <trkpt lat="42.277660000000004" lon="-71.29733">
    <ele>35.69</ele>
   </trkpt>
   <trkpt lat="42.277480000000004" lon="-71.29700000000001">
    <ele>36.47</ele>
   </trkpt>
   <trkpt lat="42.27743" lon="-71.29706">
    <ele>36.47</ele>
   </trkpt>
   <trkpt lat="42.27727" lon="-71.29714">
    <ele>36.49</ele>
   </trkpt>
   <trkpt lat="42.27667" lon="-71.29718000000001">
    <ele>36.65</ele>
   </trkpt>
   <trkpt lat="42.27647" lon="-71.29706">
    <ele>36.69</ele>
   </trkpt>
   <trkpt lat="42.276070000000004" lon="-71.29674">
    <ele>37.08</ele>
   </trkpt>
   <trkpt lat="42.2756050016568" lon="-71.29611499533479">
    <ele>37.4</ele>
   </trkpt>
   <trkpt lat="42.27514" lon="-71.29549">
    <ele>37.37</ele>
   </trkpt>
   <trkpt lat="42.275000000000006" lon="-71.29531">
    <ele>37.12</ele>
   </trkpt>
   <trkpt lat="42.27465" lon="-71.29495">
    <ele>36.910000000000004</ele>
   </trkpt>
   <trkpt lat="42.27438" lon="-71.29469">
    <ele>36.63</ele>
   </trkpt>
   <trkpt lat="42.27398" lon="-71.29435000000001">
    <ele>36.27</ele>
   </trkpt>
   <trkpt lat="42.273300000000006" lon="-71.29391000000001">
    <ele>35.84</ele>
   </trkpt>
   <trkpt lat="42.272800000000004" lon="-71.29374">
    <ele>35.67</ele>
   </trkpt>
   <trkpt lat="42.27248" lon="-71.29375">
    <ele>35.63</ele>
   </trkpt>
   <trkpt lat="42.27232" lon="-71.2938">
    <ele>35.75</ele>
   </trkpt>
   <trkpt lat="42.272110000000005" lon="-71.29392">
    <ele>35.75</ele>
   </trkpt>
   <trkpt lat="42.271750000000004" lon="-71.29428">
    <ele>36.06</ele>
   </trkpt>
   <trkpt lat="42.271620000000006" lon="-71.2945">
    <ele>36.06</ele>
   </trkpt>
   <trkpt lat="42.27152" lon="-71.29473">
    <ele>36.0</ele>
   </trkpt>
   <trkpt lat="42.27145" lon="-71.29495">
    <ele>35.97</ele>
   </trkpt>
   <trkpt lat="42.271275002213734" lon="-71.29567000215519">
    <ele>35.65</ele>
   </trkpt>
   <trkpt lat="42.271100000000004" lon="-71.29639">
    <ele>35.27</ele>
   </trkpt>
   <trkpt lat="42.27103" lon="-71.29675">
    <ele>34.99</ele>
   </trkpt>
   <trkpt lat="42.270950000000006" lon="-71.29697">
    <ele>34.870000000000005</ele>
   </trkpt>
   <trkpt lat="42.27084000000001" lon="-71.29714">
    <ele>34.64</ele>
   </trkpt>
   <trkpt lat="42.270610000000005" lon="-71.29733">
    <ele>34.64</ele>
   </trkpt>
   <trkpt lat="42.27044" lon="-71.29741">
    <ele>34.440000000000005</ele>
   </trkpt>
   <trkpt lat="42.27002" lon="-71.29738">
    <ele>34.34</ele>
   </trkpt>
   <trkpt lat="42.2695" lon="-71.29732">
    <ele>34.65</ele>
   </trkpt>
   <trkpt lat="42.2695433454981" lon="-71.29613666828017">
    <ele>35.99</ele>
   </trkpt>
   <trkpt lat="42.26958667883192" lon="-71.29495333493315">
    <ele>36.07000000000001</ele>
   </trkpt>
   <trkpt lat="42.26963000000001" lon="-71.29377000000001">
    <ele>35.75</ele>
   </trkpt>
   <trkpt lat="42.26963000000001" lon="-71.29383">
    <ele>35.78000000000001</ele>
   </trkpt>
   <trkpt lat="42.26967667717638" lon="-71.29273000166667">
    <ele>35.61</ele>
   </trkpt>
   <trkpt lat="42.26972334384145" lon="-71.2916300017044">
    <ele>36.14000000000001</ele>
   </trkpt>
   <trkpt lat="42.26977" lon="-71.29053">
    <ele>35.92</ele>
   </trkpt>
   <trkpt lat="42.26984" lon="-71.28958">
    <ele>36.14000000000001</ele>
   </trkpt>
   <trkpt lat="42.26993" lon="-71.28895">
    <ele>36.480000000000004</ele>
   </trkpt>
   <trkpt lat="42.27006" lon="-71.28846">
    <ele>36.800000000000004</ele>
   </trkpt>
   <trkpt lat="42.270270008977874" lon="-71.28744334011324">
    <ele>38.05</ele>
   </trkpt>
   <trkpt lat="42.27048000897674" lon="-71.28642667345213">
    <ele>39.870000000000005</ele>
   </trkpt>
   <trkpt lat="42.27069" lon="-71.28541">
    <ele>45.24</ele>
   </trkpt>
   <trkpt lat="42.27073" lon="-71.28504000000001">
    <ele>47.370000000000005</ele>
   </trkpt>
   <trkpt lat="42.270715001915086" lon="-71.28437499958797">
    <ele>49.11</ele>
   </trkpt>
   <trkpt lat="42.270700000000005" lon="-71.28371">
    <ele>49.86</ele>
   </trkpt>
   <trkpt lat="42.27064" lon="-71.28259">
    <ele>50.04</ele>
   </trkpt>
   <trkpt lat="42.270540000000004" lon="-71.28192">
    <ele>49.99000000000001</ele>
   </trkpt>
   <trkpt lat="42.270390000000006" lon="-71.28139">
    <ele>50.18</ele>
   </trkpt>
   <trkpt lat="42.270250000000004" lon="-71.28113">
    <ele>50.230000000000004</ele>
   </trkpt>
   <trkpt lat="42.269870000000004" lon="-71.28053">
    <ele>50.25</ele>
   </trkpt>
   <trkpt lat="42.269580000000005" lon="-71.28">
    <ele>49.660000000000004</ele>
   </trkpt>
   <trkpt lat="42.26926" lon="-71.27906">
    <ele>49.32</ele>
   </trkpt>
   <trkpt lat="42.269200000000005" lon="-71.2787">
    <ele>49.06</ele>
   </trkpt>
   <trkpt lat="42.269200000000005" lon="-71.27851000000001">
    <ele>48.660000000000004</ele>
   </trkpt>
   <trkpt lat="42.26926" lon="-71.27810000000001">
    <ele>48.34</ele>
   </trkpt>
   <trkpt lat="42.269360000000006" lon="-71.27768">
    <ele>48.220000000000006</ele>
   </trkpt>
   <trkpt lat="42.269420000000004" lon="-71.27718">
    <ele>48.24</ele>
   </trkpt>
   <trkpt lat="42.26941" lon="-71.27691">
    <ele>48.24</ele>
   </trkpt>
   <trkpt lat="42.269360000000006" lon="-71.27651">
    <ele>48.17</ele>
   </trkpt>
   <trkpt lat="42.26906" lon="-71.27548">
    <ele>50.580000000000005</ele>
   </trkpt>
   <trkpt lat="42.268890000000006" lon="-71.27512">
    <ele>52.22</ele>
   </trkpt>
   <trkpt lat="42.268570000000004" lon="-71.27462">
    <ele>53.17</ele>
   </trkpt>
   <trkpt lat="42.26841" lon="-71.27427">
    <ele>52.53000000000001</ele>
   </trkpt>
   <trkpt lat="42.26834" lon="-71.27383">
    <ele>51.24</ele>
   </trkpt>
   <trkpt lat="42.26831000000001" lon="-71.27315">
    <ele>51.730000000000004</ele>
   </trkpt>
   <trkpt lat="42.26823" lon="-71.27261">
    <ele>51.81</ele>
   </trkpt>
   <trkpt lat="42.26811" lon="-71.27215000000001">
    <ele>51.800000000000004</ele>
   </trkpt>
   <trkpt lat="42.26793500152395" lon="-71.2715649985014">
    <ele>51.64000000000001</ele>
   </trkpt>
   <trkpt lat="42.26776" lon="-71.27098000000001">
    <ele>51.07</ele>
   </trkpt>
   <trkpt lat="42.267570000000006" lon="-71.27049000000001">
    <ele>50.300000000000004</ele>
   </trkpt>
   <trkpt lat="42.267570000000006" lon="-71.27050000000001">
    <ele>50.300000000000004</ele>
   </trkpt>
   <trkpt lat="42.267410000000005" lon="-71.27011">
    <ele>49.99000000000001</ele>
   </trkpt>
   <trkpt lat="42.26716000108988" lon="-71.26958999776183">
    <ele>49.24</ele>
   </trkpt>
   <trkpt lat="42.26691" lon="-71.26907">
    <ele>48.93</ele>
   </trkpt>
   <trkpt lat="42.26655000109488" lon="-71.26855499697734">
    <ele>48.71</ele>
   </trkpt>
   <trkpt lat="42.26619" lon="-71.26804">
    <ele>48.39</ele>
   </trkpt>
   <trkpt lat="42.26563" lon="-71.26713000000001">
    <ele>46.75000000000001</ele>
   </trkpt>
   <trkpt lat="42.264990000000004" lon="-71.26629000000001">
    <ele>41.050000000000004</ele>
   </trkpt>
   <trkpt lat="42.264600000984906" lon="-71.26579999689605">
    <ele>39.620000000000005</ele>
   </trkpt>
   <trkpt lat="42.264210000000006" lon="-71.26531">
    <ele>38.52</ele>
   </trkpt>
   <trkpt lat="42.264100000000006" lon="-71.26521000000001">
    <ele>38.09</ele>
   </trkpt>
   <trkpt lat="42.264030000000005" lon="-71.26514">
    <ele>37.95</ele>
   </trkpt>
   <trkpt lat="42.263630000000006" lon="-71.26489000000001">
    <ele>37.94</ele>
   </trkpt>
   <trkpt lat="42.263490000000004" lon="-71.26482">
    <ele>37.99</ele>
   </trkpt>
   <trkpt lat="42.263180000000006" lon="-71.26458000000001">
    <ele>38.37</ele>
   </trkpt>
   <trkpt lat="42.26243" lon="-71.26392">
    <ele>40.31</ele>
   </trkpt>
   <trkpt lat="42.261680000000005" lon="-71.2633">
    <ele>43.75</ele>
   </trkpt>
   <trkpt lat="42.261160000000004" lon="-71.26262000000001">
    <ele>44.83</ele>
   </trkpt>
   <trkpt lat="42.26099000000001" lon="-71.26234000000001">
    <ele>44.02</ele>
   </trkpt>
   <trkpt lat="42.26077" lon="-71.26191">
    <ele>43.46000000000001</ele>
   </trkpt>
   <trkpt lat="42.26044" lon="-71.26142">
    <ele>43.31</ele>
   </trkpt>
   <trkpt lat="42.26026" lon="-71.26119">
    <ele>43.4</ele>
   </trkpt>
   <trkpt lat="42.26015" lon="-71.2611">
    <ele>43.13</ele>
   </trkpt>
   <trkpt lat="42.260250000000006" lon="-71.26003">
    <ele>40.11</ele>
   </trkpt>
   <trkpt lat="42.26035" lon="-71.25967">
    <ele>39.370000000000005</ele>
   </trkpt>
   <trkpt lat="42.260450000000006" lon="-71.25944000000001">
    <ele>39.13</ele>
   </trkpt>
   <trkpt lat="42.26086" lon="-71.2586">
    <ele>39.36000000000001</ele>
   </trkpt>
   <trkpt lat="42.2610750023811" lon="-71.25786000251412">
    <ele>43.36</ele>
   </trkpt>
   <trkpt lat="42.26129" lon="-71.25712">
    <ele>47.260000000000005</ele>
   </trkpt>
   <trkpt lat="42.26165" lon="-71.25601">
    <ele>48.89</ele>
   </trkpt>
   <trkpt lat="42.26173" lon="-71.25569">
    <ele>48.85</ele>
   </trkpt>
   <trkpt lat="42.26187" lon="-71.25484">
    <ele>49.25</ele>
   </trkpt>
   <trkpt lat="42.26189" lon="-71.25438000000001">
    <ele>48.52</ele>
   </trkpt>
   <trkpt lat="42.26187" lon="-71.25410000000001">
    <ele>48.2</ele>
   </trkpt>
   <trkpt lat="42.261880000000005" lon="-71.25362000000001">
    <ele>47.03</ele>
   </trkpt>
   <trkpt lat="42.26194" lon="-71.25336">
    <ele>46.940000000000005</ele>
   </trkpt>
   <trkpt lat="42.26207" lon="-71.25305">
    <ele>46.99</ele>
   </trkpt>
   <trkpt lat="42.26240000190026" lon="-71.25238000360724">
    <ele>47.45</ele>
   </trkpt>
   <trkpt lat="42.262730000000005" lon="-71.25171">
    <ele>47.66</ele>
   </trkpt>
   <trkpt lat="42.2629" lon="-71.2513">
    <ele>47.17</ele>
   </trkpt>
   <trkpt lat="42.26294" lon="-71.25108">
    <ele>46.35</ele>
   </trkpt>
   <trkpt lat="42.26294" lon="-71.25031">
    <ele>44.9</ele>
   </trkpt>
   <trkpt lat="42.26292" lon="-71.24998000000001">
    <ele>44.50000000000001</ele>
   </trkpt>
   <trkpt lat="42.2629" lon="-71.24987">
    <ele>44.50000000000001</ele>
   </trkpt>
   <trkpt lat="42.262820000000005" lon="-71.24955">
    <ele>43.730000000000004</ele>
   </trkpt>
   <trkpt lat="42.262660000000004" lon="-71.24918000000001">
    <ele>42.940000000000005</ele>
   </trkpt>
   <trkpt lat="42.262330000000006" lon="-71.24848">
    <ele>41.760000000000005</ele>
   </trkpt>
   <trkpt lat="42.26225" lon="-71.24825">
    <ele>41.690000000000005</ele>
   </trkpt>
   <trkpt lat="42.262170000000005" lon="-71.24791">
    <ele>41.86</ele>
   </trkpt>
   <trkpt lat="42.26207000405121" lon="-71.24694499853236">
    <ele>41.95</ele>
   </trkpt>
   <trkpt lat="42.261970000000005" lon="-71.24598">
    <ele>43.050000000000004</ele>
   </trkpt>
   <trkpt lat="42.26198" lon="-71.24579">
    <ele>43.08</ele>
   </trkpt>
   <trkpt lat="42.262010000000004" lon="-71.24564000000001">
    <ele>42.96</ele>
   </trkpt>
   <trkpt lat="42.262" lon="-71.24571">
    <ele>43.010000000000005</ele>
   </trkpt>
   <trkpt lat="42.26229" lon="-71.24486">
    <ele>41.75</ele>
   </trkpt>
   <trkpt lat="42.26242500198754" lon="-71.24417500172295">
    <ele>39.75</ele>
   </trkpt>
   <trkpt lat="42.26256" lon="-71.24349000000001">
    <ele>38.790000000000006</ele>
   </trkpt>
   <trkpt lat="42.262640000000005" lon="-71.24315">
    <ele>38.64</ele>
   </trkpt>
   <trkpt lat="42.26276" lon="-71.24274000000001">
    <ele>38.510000000000005</ele>
   </trkpt>
   <trkpt lat="42.262930000000004" lon="-71.24191">
    <ele>38.8</ele>
   </trkpt>
   <trkpt lat="42.262950000000004" lon="-71.24154">
    <ele>39.23</ele>
   </trkpt>
   <trkpt lat="42.26294" lon="-71.24132">
    <ele>39.23</ele>
   </trkpt>
   <trkpt lat="42.26285000160672" lon="-71.24071499925012">
    <ele>39.769999999999996</ele>
   </trkpt>
   <trkpt lat="42.26276" lon="-71.24011">
    <ele>39.970000000000006</ele>
   </trkpt>
   <trkpt lat="42.26277" lon="-71.23979">
    <ele>40.39</ele>
   </trkpt>
   <trkpt lat="42.262840000000004" lon="-71.23944">
    <ele>40.690000000000005</ele>
   </trkpt>
   <trkpt lat="42.26310000227196" lon="-71.2387150030206">
    <ele>41.6</ele>
   </trkpt>
   <trkpt lat="42.263360000000006" lon="-71.23799000000001">
    <ele>42.410000000000004</ele>
   </trkpt>
   <trkpt lat="42.26346" lon="-71.23755">
    <ele>43.11</ele>
   </trkpt>
   <trkpt lat="42.26352000000001" lon="-71.2372">
    <ele>43.67</ele>
   </trkpt>
   <trkpt lat="42.264326666986996" lon="-71.23739666163017">
    <ele>48.53</ele>
   </trkpt>
   <trkpt lat="42.26513333363802" lon="-71.23759332829295">
    <ele>51.88</ele>
   </trkpt>
   <trkpt lat="42.26594" lon="-71.23779">
    <ele>51.83</ele>
   </trkpt>
   <trkpt lat="42.266762500576974" lon="-71.23799999178082">
    <ele>51.47</ele>
   </trkpt>
   <trkpt lat="42.267585000770886" lon="-71.23820998904131">
    <ele>52.68000000000001</ele>
   </trkpt>
   <trkpt lat="42.268407500581695" lon="-71.23841999178173">
    <ele>53.4</ele>
   </trkpt>
   <trkpt lat="42.26923" lon="-71.23863">
    <ele>52.68000000000001</ele>
   </trkpt>
   <trkpt lat="42.26953" lon="-71.23861000000001">
    <ele>52.72</ele>
   </trkpt>
   <trkpt lat="42.26998000012203" lon="-71.23853000055438">
    <ele>52.63</ele>
   </trkpt>
   <trkpt lat="42.270430000000005" lon="-71.23845">
    <ele>52.63</ele>
   </trkpt>
   <trkpt lat="42.27121333344927" lon="-71.2383333362335">
    <ele>50.54</ele>
   </trkpt>
   <trkpt lat="42.271996666780296" lon="-71.23821666956724">
    <ele>47.42</ele>
   </trkpt>
   <trkpt lat="42.272780000000004" lon="-71.2381">
    <ele>46.61000000000001</ele>
   </trkpt>
   <trkpt lat="42.27356" lon="-71.238">
    <ele>46.44</ele>
   </trkpt>
   <trkpt lat="42.27416999997339" lon="-71.23791000088022">
    <ele>47.010000000000005</ele>
   </trkpt>
   <trkpt lat="42.27478000000001" lon="-71.23782">
    <ele>47.7</ele>
   </trkpt>
   <trkpt lat="42.27487" lon="-71.23779">
    <ele>47.7</ele>
   </trkpt>
   <trkpt lat="42.274890000000006" lon="-71.23779">
    <ele>47.71</ele>
   </trkpt>
   <trkpt lat="42.274100000147236" lon="-71.2379150015543">
    <ele>46.830000000000005</ele>
   </trkpt>
   <trkpt lat="42.27331" lon="-71.23804000000001">
    <ele>46.330000000000005</ele>
   </trkpt>
   <trkpt lat="42.27329" lon="-71.23772000000001">
    <ele>46.37</ele>
   </trkpt>
   <trkpt lat="42.2732" lon="-71.23691000000001">
    <ele>47.120000000000005</ele>
   </trkpt>
   <trkpt lat="42.27318" lon="-71.23649">
    <ele>48.650000000000006</ele>
   </trkpt>
   <trkpt lat="42.27324" lon="-71.23617">
    <ele>49.620000000000005</ele>
   </trkpt>
   <trkpt lat="42.27322" lon="-71.23628000000001">
    <ele>49.34</ele>
   </trkpt>
   <trkpt lat="42.273300000000006" lon="-71.23591">
    <ele>50.160000000000004</ele>
   </trkpt>
   <trkpt lat="42.273380002691425" lon="-71.23512000119446">
    <ele>48.68</ele>
   </trkpt>
   <trkpt lat="42.27346" lon="-71.23433">
    <ele>46.18000000000001</ele>
   </trkpt>
   <trkpt lat="42.273120000000006" lon="-71.23442">
    <ele>46.39</ele>
   </trkpt>
   <trkpt lat="42.27294001149978" lon="-71.23326999350179">
    <ele>46.86000000000001</ele>
   </trkpt>
   <trkpt lat="42.27276001151074" lon="-71.23211999357201">
    <ele>48.49</ele>
   </trkpt>
   <trkpt lat="42.272580000000005" lon="-71.23097">
    <ele>46.63</ele>
   </trkpt>
   <trkpt lat="42.27253" lon="-71.23052000000001">
    <ele>45.550000000000004</ele>
   </trkpt>
   <trkpt lat="42.27252" lon="-71.23009">
    <ele>45.51</ele>
   </trkpt>
   <trkpt lat="42.272540000000006" lon="-71.22984000000001">
    <ele>45.53</ele>
   </trkpt>
   <trkpt lat="42.27248" lon="-71.22981">
    <ele>45.53</ele>
   </trkpt>
   <trkpt lat="42.27169000000001" lon="-71.22932">
    <ele>48.95</ele>
   </trkpt>
   <trkpt lat="42.27145" lon="-71.22927">
    <ele>49.31</ele>
   </trkpt>
   <trkpt lat="42.27127" lon="-71.22927">
    <ele>49.260000000000005</ele>
   </trkpt>
   <trkpt lat="42.2708" lon="-71.22936">
    <ele>48.830000000000005</ele>
   </trkpt>
   <trkpt lat="42.270210000000006" lon="-71.22941">
    <ele>47.99</ele>
   </trkpt>
   <trkpt lat="42.269760000000005" lon="-71.22941">
    <ele>47.06</ele>
   </trkpt>
   <trkpt lat="42.26925999997273" lon="-71.22936499963981">
    <ele>46.830000000000005</ele>
   </trkpt>
   <trkpt lat="42.26876" lon="-71.22932">
    <ele>45.52</ele>
   </trkpt>
   <trkpt lat="42.268460000000005" lon="-71.22936">
    <ele>44.84</ele>
   </trkpt>
   <trkpt lat="42.268515006101836" lon="-71.22817500097835">
    <ele>37.39</ele>
   </trkpt>
   <trkpt lat="42.268570000000004" lon="-71.22699">
    <ele>34.410000000000004</ele>
   </trkpt>
   <trkpt lat="42.268550000000005" lon="-71.22675000000001">
    <ele>34.17</ele>
   </trkpt>
   <trkpt lat="42.268510000000006" lon="-71.22651">
    <ele>34.14</ele>
   </trkpt>
   <trkpt lat="42.26841" lon="-71.22614">
    <ele>34.18</ele>
   </trkpt>
   <trkpt lat="42.268200001288406" lon="-71.22559999825722">
    <ele>34.60000000000001</ele>
   </trkpt>
   <trkpt lat="42.267990000000005" lon="-71.22506">
    <ele>35.46000000000001</ele>
   </trkpt>
   <trkpt lat="42.26793000000001" lon="-71.22488">
    <ele>36.28</ele>
   </trkpt>
   <trkpt lat="42.26789" lon="-71.22466">
    <ele>36.33</ele>
   </trkpt>
   <trkpt lat="42.267880000000005" lon="-71.22449">
    <ele>36.800000000000004</ele>
   </trkpt>
   <trkpt lat="42.267920000000004" lon="-71.22363">
    <ele>38.7</ele>
   </trkpt>
   <trkpt lat="42.267920000000004" lon="-71.22318">
    <ele>38.14</ele>
   </trkpt>
   <trkpt lat="42.267920000000004" lon="-71.22323">
    <ele>38.24</ele>
   </trkpt>
   <trkpt lat="42.26790500209934" lon="-71.22253499989618">
    <ele>36.76</ele>
   </trkpt>
   <trkpt lat="42.26789" lon="-71.22184">
    <ele>34.260000000000005</ele>
   </trkpt>
   <trkpt lat="42.26793000000001" lon="-71.22157">
    <ele>33.370000000000005</ele>
   </trkpt>
   <trkpt lat="42.268010000000004" lon="-71.22139">
    <ele>32.71</ele>
   </trkpt>
   <trkpt lat="42.26816" lon="-71.22115000000001">
    <ele>31.96</ele>
   </trkpt>
   <trkpt lat="42.26876" lon="-71.22036">
    <ele>30.720000000000002</ele>
   </trkpt>
   <trkpt lat="42.26903" lon="-71.21987">
    <ele>30.87</ele>
   </trkpt>
   <trkpt lat="42.26916000000001" lon="-71.21951">
    <ele>31.03</ele>
   </trkpt>
   <trkpt lat="42.26921" lon="-71.21933">
    <ele>31.310000000000002</ele>
   </trkpt>
   <trkpt lat="42.26926" lon="-71.21903">
    <ele>31.71</ele>
   </trkpt>
   <trkpt lat="42.26932" lon="-71.21844">
    <ele>32.75</ele>
   </trkpt>
   <trkpt lat="42.26922001219558" lon="-71.21747249537847">
    <ele>36.33</ele>
   </trkpt>
   <trkpt lat="42.26912001625955" lon="-71.2165049938264">
    <ele>36.6</ele>
   </trkpt>
   <trkpt lat="42.26902001219198" lon="-71.21553749534404">
    <ele>36.61</ele>
   </trkpt>
   <trkpt lat="42.26892" lon="-71.21457000000001">
    <ele>36.88</ele>
   </trkpt>
   <trkpt lat="42.2689" lon="-71.21424">
    <ele>37.22</ele>
   </trkpt>
   <trkpt lat="42.26896000000001" lon="-71.21329">
    <ele>38.040000000000006</ele>
   </trkpt>
   <trkpt lat="42.26894" lon="-71.21226">
    <ele>38.510000000000005</ele>
   </trkpt>
   <trkpt lat="42.268860000000004" lon="-71.21185000000001">
    <ele>38.78</ele>
   </trkpt>
   <trkpt lat="42.268710000000006" lon="-71.21133">
    <ele>39.769999999999996</ele>
   </trkpt>
   <trkpt lat="42.26868" lon="-71.21118">
    <ele>40.31</ele>
   </trkpt>
   <trkpt lat="42.26868" lon="-71.2111">
    <ele>40.61</ele>
   </trkpt>
   <trkpt lat="42.26872" lon="-71.21091000000001">
    <ele>40.82</ele>
   </trkpt>
   <trkpt lat="42.26881" lon="-71.2107">
    <ele>40.690000000000005</ele>
   </trkpt>
   <trkpt lat="42.269180000000006" lon="-71.20971">
    <ele>41.480000000000004</ele>
   </trkpt>
   <trkpt lat="42.26932" lon="-71.20939">
    <ele>41.96</ele>
   </trkpt>
   <trkpt lat="42.26968" lon="-71.20886">
    <ele>42.150000000000006</ele>
   </trkpt>
   <trkpt lat="42.26997" lon="-71.20837">
    <ele>42.660000000000004</ele>
   </trkpt>
   <trkpt lat="42.27011" lon="-71.20823">
    <ele>42.68</ele>
   </trkpt>
   <trkpt lat="42.270340000000004" lon="-71.20809000000001">
    <ele>42.60000000000001</ele>
   </trkpt>
   <trkpt lat="42.270700000000005" lon="-71.20788">
    <ele>42.71</ele>
   </trkpt>
   <trkpt lat="42.270920000000004" lon="-71.20778">
    <ele>42.800000000000004</ele>
   </trkpt>
   <trkpt lat="42.27167" lon="-71.20737000000001">
    <ele>43.160000000000004</ele>
   </trkpt>
   <trkpt lat="42.27156" lon="-71.20675">
    <ele>42.79</ele>
   </trkpt>
   <trkpt lat="42.27129" lon="-71.20572">
    <ele>42.81</ele>
   </trkpt>
   <trkpt lat="42.271190000000004" lon="-71.20541">
    <ele>42.67000000000001</ele>
   </trkpt>
   <trkpt lat="42.27071500005089" lon="-71.2054750004854">
    <ele>41.82</ele>
   </trkpt>
   <trkpt lat="42.27024" lon="-71.20554">
    <ele>42.050000000000004</ele>
   </trkpt>
   <trkpt lat="42.26984" lon="-71.20555">
    <ele>41.84</ele>
   </trkpt>
   <trkpt lat="42.269380000000005" lon="-71.20554">
    <ele>40.11</ele>
   </trkpt>
   <trkpt lat="42.268730000000005" lon="-71.2055">
    <ele>35.42</ele>
   </trkpt>
   <trkpt lat="42.267880000000005" lon="-71.20532">
    <ele>32.79</ele>
   </trkpt>
   <trkpt lat="42.267230000000005" lon="-71.20505">
    <ele>32.440000000000005</ele>
   </trkpt>
   <trkpt lat="42.266920000000006" lon="-71.20490000000001">
    <ele>32.46</ele>
   </trkpt>
   <trkpt lat="42.26682" lon="-71.20487">
    <ele>32.6</ele>
   </trkpt>
   <trkpt lat="42.266690000000004" lon="-71.20488">
    <ele>32.6</ele>
   </trkpt>
   <trkpt lat="42.26666" lon="-71.2047">
    <ele>32.24</ele>
   </trkpt>
   <trkpt lat="42.266670000000005" lon="-71.20461">
    <ele>31.57</ele>
   </trkpt>
   <trkpt lat="42.26693" lon="-71.20425">
    <ele>28.520000000000003</ele>
   </trkpt>
   <trkpt lat="42.266980000000004" lon="-71.20415000000001">
    <ele>28.200000000000003</ele>
   </trkpt>
   <trkpt lat="42.267050000000005" lon="-71.20371">
    <ele>28.080000000000002</ele>
   </trkpt>
   <trkpt lat="42.26709500186637" lon="-71.2030550004253">
    <ele>28.290000000000003</ele>
   </trkpt>
   <trkpt lat="42.267140000000005" lon="-71.20240000000001">
    <ele>29.040000000000003</ele>
   </trkpt>
   <trkpt lat="42.267120000000006" lon="-71.20231000000001">
    <ele>29.540000000000003</ele>
   </trkpt>
   <trkpt lat="42.26706" lon="-71.20223">
    <ele>30.79</ele>
   </trkpt>
   <trkpt lat="42.26699000000001" lon="-71.20222000000001">
    <ele>32.17</ele>
   </trkpt>
   <trkpt lat="42.266940000000005" lon="-71.20213000000001">
    <ele>33.300000000000004</ele>
   </trkpt>
   <trkpt lat="42.26691" lon="-71.20193">
    <ele>34.07</ele>
   </trkpt>
   <trkpt lat="42.266940000000005" lon="-71.20169">
    <ele>34.49</ele>
   </trkpt>
   <trkpt lat="42.266940000000005" lon="-71.2008">
    <ele>34.25</ele>
   </trkpt>
   <trkpt lat="42.26729" lon="-71.19977">
    <ele>33.440000000000005</ele>
   </trkpt>
   <trkpt lat="42.267390000000006" lon="-71.19941">
    <ele>32.690000000000005</ele>
   </trkpt>
   <trkpt lat="42.267680000000006" lon="-71.19861">
    <ele>30.04</ele>
   </trkpt>
   <trkpt lat="42.26787" lon="-71.19817">
    <ele>29.710000000000004</ele>
   </trkpt>
   <trkpt lat="42.268350000000005" lon="-71.1974">
    <ele>29.01</ele>
   </trkpt>
   <trkpt lat="42.26854" lon="-71.19699">
    <ele>28.880000000000003</ele>
   </trkpt>
   <trkpt lat="42.268600000000006" lon="-71.19663">
    <ele>28.75</ele>
   </trkpt>
   <trkpt lat="42.268660000000004" lon="-71.19605">
    <ele>28.91</ele>
   </trkpt>
   <trkpt lat="42.26863" lon="-71.1952">
    <ele>28.650000000000002</ele>
   </trkpt>
   <trkpt lat="42.268600000000006" lon="-71.19511">
    <ele>28.650000000000002</ele>
   </trkpt>
   <trkpt lat="42.268600000000006" lon="-71.19444">
    <ele>28.34</ele>
   </trkpt>
   <trkpt lat="42.26852" lon="-71.19363">
    <ele>28.270000000000003</ele>
   </trkpt>
   <trkpt lat="42.26843" lon="-71.19323">
    <ele>28.150000000000002</ele>
   </trkpt>
   <trkpt lat="42.26836" lon="-71.1931">
    <ele>28.16</ele>
   </trkpt>
   <trkpt lat="42.268280000000004" lon="-71.19305">
    <ele>28.16</ele>
   </trkpt>
   <trkpt lat="42.26821" lon="-71.19284">
    <ele>28.240000000000002</ele>
   </trkpt>
   <trkpt lat="42.26818" lon="-71.19269">
    <ele>28.19</ele>
   </trkpt>
   <trkpt lat="42.268190000000004" lon="-71.19234">
    <ele>28.060000000000002</ele>
   </trkpt>
   <trkpt lat="42.268080000000005" lon="-71.19211">
    <ele>28.1</ele>
   </trkpt>
   <trkpt lat="42.267950000000006" lon="-71.19198">
    <ele>28.110000000000003</ele>
   </trkpt>
   <trkpt lat="42.26769" lon="-71.1918">
    <ele>27.92</ele>
   </trkpt>
   <trkpt lat="42.26758" lon="-71.19176">
    <ele>27.860000000000003</ele>
   </trkpt>
   <trkpt lat="42.267340000000004" lon="-71.19189">
    <ele>28.040000000000003</ele>
   </trkpt>
   <trkpt lat="42.26727" lon="-71.19189">
    <ele>28.060000000000002</ele>
   </trkpt>
   <trkpt lat="42.267120000000006" lon="-71.1918">
    <ele>28.01</ele>
   </trkpt>
   <trkpt lat="42.266890000000004" lon="-71.19166">
    <ele>27.87</ele>
   </trkpt>
   <trkpt lat="42.26677" lon="-71.19162">
    <ele>27.98</ele>
   </trkpt>
   <trkpt lat="42.266670000000005" lon="-71.19162">
    <ele>28.14</ele>
   </trkpt>
   <trkpt lat="42.266600000000004" lon="-71.19170000000001">
    <ele>28.39</ele>
   </trkpt>
   <trkpt lat="42.26653" lon="-71.19184">
    <ele>28.98</ele>
   </trkpt>
   <trkpt lat="42.266420000000004" lon="-71.19194">
    <ele>29.720000000000002</ele>
   </trkpt>
   <trkpt lat="42.26626" lon="-71.19189">
    <ele>30.67</ele>
   </trkpt>
   <trkpt lat="42.26578000000001" lon="-71.19184">
    <ele>30.770000000000003</ele>
   </trkpt>
   <trkpt lat="42.265640000000005" lon="-71.1918">
    <ele>30.430000000000003</ele>
   </trkpt>
   <trkpt lat="42.26503" lon="-71.19172">
    <ele>30.67</ele>
   </trkpt>
   <trkpt lat="42.2648" lon="-71.1918">
    <ele>31.3</ele>
   </trkpt>
   <trkpt lat="42.26471" lon="-71.19189">
    <ele>31.17</ele>
   </trkpt>
   <trkpt lat="42.26443500110569" lon="-71.19240000226917">
    <ele>30.990000000000002</ele>
   </trkpt>
   <trkpt lat="42.264160000000004" lon="-71.19291000000001">
    <ele>31.75</ele>
   </trkpt>
   <trkpt lat="42.263960000000004" lon="-71.19337">
    <ele>31.03</ele>
   </trkpt>
   <trkpt lat="42.263830000000006" lon="-71.1939">
    <ele>28.82</ele>
   </trkpt>
   <trkpt lat="42.263670000000005" lon="-71.19422">
    <ele>28.540000000000003</ele>
   </trkpt>
   <trkpt lat="42.263510000000004" lon="-71.19439000000001">
    <ele>28.55</ele>
   </trkpt>
   <trkpt lat="42.2633" lon="-71.19444">
    <ele>28.650000000000002</ele>
   </trkpt>
   <trkpt lat="42.26301" lon="-71.19439000000001">
    <ele>28.17</ele>
   </trkpt>
   <trkpt lat="42.262750000000004" lon="-71.19439000000001">
    <ele>28.150000000000002</ele>
   </trkpt>
   <trkpt lat="42.262510000000006" lon="-71.19453">
    <ele>29.0</ele>
   </trkpt>
   <trkpt lat="42.261930000000554" lon="-71.19453500004599">
    <ele>30.930000000000003</ele>
   </trkpt>
   <trkpt lat="42.26135" lon="-71.19454">
    <ele>30.520000000000003</ele>
   </trkpt>
   <trkpt lat="42.261010000000006" lon="-71.19466">
    <ele>29.59</ele>
   </trkpt>
   <trkpt lat="42.260630000000006" lon="-71.19498">
    <ele>29.69</ele>
   </trkpt>
   <trkpt lat="42.26046" lon="-71.1953">
    <ele>29.630000000000003</ele>
   </trkpt>
   <trkpt lat="42.26028" lon="-71.19578">
    <ele>29.17</ele>
   </trkpt>
   <trkpt lat="42.26001" lon="-71.19641">
    <ele>30.19</ele>
   </trkpt>
   <trkpt lat="42.25981" lon="-71.19681">
    <ele>31.810000000000006</ele>
   </trkpt>
   <trkpt lat="42.25965" lon="-71.19722">
    <ele>32.97</ele>
   </trkpt>
   <trkpt lat="42.259510000000006" lon="-71.19736">
    <ele>33.230000000000004</ele>
   </trkpt>
   <trkpt lat="42.25927" lon="-71.19725000000001">
    <ele>33.660000000000004</ele>
   </trkpt>
   <trkpt lat="42.259150000000005" lon="-71.19726">
    <ele>34.010000000000005</ele>
   </trkpt>
   <trkpt lat="42.258700000000005" lon="-71.19663">
    <ele>33.13</ele>
   </trkpt>
   <trkpt lat="42.25856" lon="-71.19641">
    <ele>33.0</ele>
   </trkpt>
   <trkpt lat="42.258370000000006" lon="-71.19595000000001">
    <ele>33.0</ele>
   </trkpt>
   <trkpt lat="42.25815" lon="-71.19511">
    <ele>33.760000000000005</ele>
   </trkpt>
   <trkpt lat="42.25802" lon="-71.19467">
    <ele>34.160000000000004</ele>
   </trkpt>
   <trkpt lat="42.25789" lon="-71.19434000000001">
    <ele>34.35</ele>
   </trkpt>
   <trkpt lat="42.25752000000001" lon="-71.1936">
    <ele>33.940000000000005</ele>
   </trkpt>
   <trkpt lat="42.257360000000006" lon="-71.19309000000001">
    <ele>33.18</ele>
   </trkpt>
   <trkpt lat="42.25723000000001" lon="-71.19216">
    <ele>31.900000000000006</ele>
   </trkpt>
   <trkpt lat="42.25705000000001" lon="-71.19158">
    <ele>31.51</ele>
   </trkpt>
   <trkpt lat="42.2569" lon="-71.19130000000001">
    <ele>31.61</ele>
   </trkpt>
   <trkpt lat="42.25657" lon="-71.19077">
    <ele>31.76</ele>
   </trkpt>
   <trkpt lat="42.25605" lon="-71.19005">
    <ele>32.06</ele>
   </trkpt>
   <trkpt lat="42.256" lon="-71.18996">
    <ele>32.13</ele>
   </trkpt>
   <trkpt lat="42.255720000000004" lon="-71.18961">
    <ele>32.410000000000004</ele>
   </trkpt>
   <trkpt lat="42.25547" lon="-71.18921">
    <ele>32.85</ele>
   </trkpt>
   <trkpt lat="42.25515" lon="-71.18884">
    <ele>34.49</ele>
   </trkpt>
   <trkpt lat="42.2548" lon="-71.18858">
    <ele>36.56</ele>
   </trkpt>
   <trkpt lat="42.254380000000005" lon="-71.18835">
    <ele>38.2</ele>
   </trkpt>
   <trkpt lat="42.25394" lon="-71.18805">
    <ele>38.50000000000001</ele>
   </trkpt>
   <trkpt lat="42.253820000000005" lon="-71.18795">
    <ele>38.35</ele>
   </trkpt>
   <trkpt lat="42.25358000000001" lon="-71.18755">
    <ele>37.55</ele>
   </trkpt>
   <trkpt lat="42.253420000000006" lon="-71.18717000000001">
    <ele>37.34</ele>
   </trkpt>
   <trkpt lat="42.253240000000005" lon="-71.18647">
    <ele>36.18</ele>
   </trkpt>
   <trkpt lat="42.253150000000005" lon="-71.1858">
    <ele>36.39000000000001</ele>
   </trkpt>
   <trkpt lat="42.25309" lon="-71.18561000000001">
    <ele>36.78</ele>
   </trkpt>
   <trkpt lat="42.252970000000005" lon="-71.18535">
    <ele>37.6</ele>
   </trkpt>
   <trkpt lat="42.25287" lon="-71.18517">
    <ele>38.06</ele>
   </trkpt>
   <trkpt lat="42.25278" lon="-71.18505">
    <ele>38.3</ele>
   </trkpt>
   <trkpt lat="42.252590000000005" lon="-71.18486">
    <ele>38.62</ele>
   </trkpt>
   <trkpt lat="42.25195500157949" lon="-71.18425499389932">
    <ele>38.99</ele>
   </trkpt>
   <trkpt lat="42.25132000000001" lon="-71.18365">
    <ele>37.86000000000001</ele>
   </trkpt>
   <trkpt lat="42.251200000000004" lon="-71.18351000000001">
    <ele>37.77</ele>
   </trkpt>
   <trkpt lat="42.251090000000005" lon="-71.18334">
    <ele>37.76</ele>
   </trkpt>
   <trkpt lat="42.251000000000005" lon="-71.18315000000001">
    <ele>37.83</ele>
   </trkpt>
   <trkpt lat="42.250800000000005" lon="-71.18258">
    <ele>37.78</ele>
   </trkpt>
   <trkpt lat="42.250730000000004" lon="-71.18262">
    <ele>37.42</ele>
   </trkpt>
   <trkpt lat="42.25072" lon="-71.18261000000001">
    <ele>37.42</ele>
   </trkpt>
   <trkpt lat="42.25040000414913" lon="-71.18162999496055">
    <ele>37.21</ele>
   </trkpt>
   <trkpt lat="42.250080000000004" lon="-71.18065">
    <ele>37.01</ele>
   </trkpt>
   <trkpt lat="42.24981251316808" lon="-71.17964498724312">
    <ele>36.56</ele>
   </trkpt>
   <trkpt lat="42.24954501756245" lon="-71.17863998301">
    <ele>36.07000000000001</ele>
   </trkpt>
   <trkpt lat="42.2492775131833" lon="-71.17763498730073">
    <ele>35.300000000000004</ele>
   </trkpt>
   <trkpt lat="42.249010000000006" lon="-71.17663">
    <ele>34.88</ele>
   </trkpt>
   <trkpt lat="42.248990000000006" lon="-71.17652000000001">
    <ele>34.89</ele>
   </trkpt>
   <trkpt lat="42.24947500027033" lon="-71.17623500223975">
    <ele>34.24</ele>
   </trkpt>
   <trkpt lat="42.24996" lon="-71.17595">
    <ele>33.45</ele>
   </trkpt>
   <trkpt lat="42.25032" lon="-71.17582">
    <ele>33.35</ele>
   </trkpt>
   <trkpt lat="42.25061" lon="-71.17573">
    <ele>33.09</ele>
   </trkpt>
   <trkpt lat="42.25079" lon="-71.17573">
    <ele>32.980000000000004</ele>
   </trkpt>
   <trkpt lat="42.251235000113304" lon="-71.1758599990945">
    <ele>32.11</ele>
   </trkpt>
   <trkpt lat="42.25168" lon="-71.17599">
    <ele>31.01</ele>
   </trkpt>
   <trkpt lat="42.25251500036307" lon="-71.17625499651015">
    <ele>30.21</ele>
   </trkpt>
   <trkpt lat="42.253350000000005" lon="-71.17652000000001">
    <ele>31.560000000000006</ele>
   </trkpt>
   <trkpt lat="42.25379000000299" lon="-71.1767049986481">
    <ele>31.34</ele>
   </trkpt>
   <trkpt lat="42.25423000000001" lon="-71.17689">
    <ele>30.590000000000003</ele>
   </trkpt>
   <trkpt lat="42.254250000000006" lon="-71.1769">
    <ele>30.570000000000004</ele>
   </trkpt>
   <trkpt lat="42.254923333933355" lon="-71.17715332793989">
    <ele>29.25</ele>
   </trkpt>
   <trkpt lat="42.25559666730919" lon="-71.17740666128914">
    <ele>29.110000000000003</ele>
   </trkpt>
   <trkpt lat="42.25627" lon="-71.17766">
    <ele>29.960000000000004</ele>
   </trkpt>
   <trkpt lat="42.257110000000004" lon="-71.17805">
    <ele>30.430000000000003</ele>
   </trkpt>
   <trkpt lat="42.25773" lon="-71.17840000000001">
    <ele>30.09</ele>
   </trkpt>
   <trkpt lat="42.25846000000001" lon="-71.17876000000001">
    <ele>30.0</ele>
   </trkpt>
   <trkpt lat="42.25909" lon="-71.17844000000001">
    <ele>29.75</ele>
   </trkpt>
   <trkpt lat="42.25965" lon="-71.17823">
    <ele>29.75</ele>
   </trkpt>
   <trkpt lat="42.26046500022009" lon="-71.17803000257369">
    <ele>29.85</ele>
   </trkpt>
   <trkpt lat="42.261280000000006" lon="-71.17783">
    <ele>29.59</ele>
   </trkpt>
   <trkpt lat="42.26196999993451" lon="-71.17771000133548">
    <ele>29.200000000000003</ele>
   </trkpt>
   <trkpt lat="42.262660000000004" lon="-71.17759000000001">
    <ele>28.59</ele>
   </trkpt>
   <trkpt lat="42.263353333469276" lon="-71.1774500030861">
    <ele>28.470000000000002</ele>
   </trkpt>
   <trkpt lat="42.26404666676825" lon="-71.17731000309306">
    <ele>28.880000000000003</ele>
   </trkpt>
   <trkpt lat="42.26474" lon="-71.17717">
    <ele>29.36</ele>
   </trkpt>
   <trkpt lat="42.26527" lon="-71.17702">
    <ele>29.34</ele>
   </trkpt>
   <trkpt lat="42.26598333378183" lon="-71.17678667195509">
    <ele>29.040000000000003</ele>
   </trkpt>
   <trkpt lat="42.266696667090706" lon="-71.17655333862984">
    <ele>29.17</ele>
   </trkpt>
   <trkpt lat="42.267410000000005" lon="-71.17632">
    <ele>29.370000000000005</ele>
   </trkpt>
   <trkpt lat="42.26773" lon="-71.17614">
    <ele>29.620000000000005</ele>
   </trkpt>
   <trkpt lat="42.26807" lon="-71.17593000000001">
    <ele>29.76</ele>
   </trkpt>
   <trkpt lat="42.268100000000004" lon="-71.17590000000001">
    <ele>29.59</ele>
   </trkpt>
   <trkpt lat="42.268100000000004" lon="-71.17582">
    <ele>29.59</ele>
   </trkpt>
   <trkpt lat="42.268130000000006" lon="-71.17595">
    <ele>29.42</ele>
   </trkpt>
   <trkpt lat="42.268420000000006" lon="-71.17573">
    <ele>29.67</ele>
   </trkpt>
   <trkpt lat="42.26884500082037" lon="-71.17532500262774">
    <ele>30.19</ele>
   </trkpt>
   <trkpt lat="42.269270000000006" lon="-71.17492">
    <ele>30.35</ele>
   </trkpt>
   <trkpt lat="42.26968000044445" lon="-71.1745550024936">
    <ele>30.050000000000004</ele>
   </trkpt>
   <trkpt lat="42.27009" lon="-71.17419000000001">
    <ele>29.580000000000002</ele>
   </trkpt>
   <trkpt lat="42.270120000000006" lon="-71.17416">
    <ele>29.6</ele>
   </trkpt>
   <trkpt lat="42.27018" lon="-71.17419000000001">
    <ele>29.830000000000002</ele>
   </trkpt>
   <trkpt lat="42.27026" lon="-71.17411">
    <ele>29.7</ele>
   </trkpt>
   <trkpt lat="42.27035" lon="-71.17412">
    <ele>29.66</ele>
   </trkpt>
   <trkpt lat="42.270450000000004" lon="-71.17406000000001">
    <ele>29.490000000000002</ele>
   </trkpt>
   <trkpt lat="42.27046" lon="-71.17405000000001">
    <ele>29.490000000000002</ele>
   </trkpt>
   <trkpt lat="42.27044" lon="-71.17398">
    <ele>29.41</ele>
   </trkpt>
   <trkpt lat="42.270450000000004" lon="-71.1739">
    <ele>29.41</ele>
   </trkpt>
   <trkpt lat="42.270540000000004" lon="-71.17375000000001">
    <ele>29.32</ele>
   </trkpt>
   <trkpt lat="42.271040000000006" lon="-71.17325000000001">
    <ele>29.960000000000004</ele>
   </trkpt>
   <trkpt lat="42.27125" lon="-71.17308">
    <ele>30.2</ele>
   </trkpt>
   <trkpt lat="42.27160000000001" lon="-71.17313">
    <ele>30.2</ele>
   </trkpt>
   <trkpt lat="42.27179" lon="-71.17321000000001">
    <ele>30.140000000000004</ele>
   </trkpt>
   <trkpt lat="42.27205" lon="-71.17335">
    <ele>29.93</ele>
   </trkpt>
   <trkpt lat="42.272560000000006" lon="-71.17375000000001">
    <ele>29.710000000000004</ele>
   </trkpt>
   <trkpt lat="42.27309" lon="-71.17398">
    <ele>30.09</ele>
   </trkpt>
   <trkpt lat="42.27346" lon="-71.17403">
    <ele>30.45</ele>
   </trkpt>
   <trkpt lat="42.27369" lon="-71.17403">
    <ele>30.480000000000004</ele>
   </trkpt>
   <trkpt lat="42.27402" lon="-71.17399">
    <ele>30.520000000000003</ele>
   </trkpt>
   <trkpt lat="42.27407" lon="-71.17402">
    <ele>30.520000000000003</ele>
   </trkpt>
   <trkpt lat="42.274240000000006" lon="-71.17394">
    <ele>30.660000000000004</ele>
   </trkpt>
   <trkpt lat="42.274350000000005" lon="-71.17394">
    <ele>30.640000000000004</ele>
   </trkpt>
   <trkpt lat="42.27472" lon="-71.17376">
    <ele>30.130000000000003</ele>
   </trkpt>
   <trkpt lat="42.27525500052374" lon="-71.17340000308245">
    <ele>29.43</ele>
   </trkpt>
   <trkpt lat="42.27579" lon="-71.17304">
    <ele>29.400000000000002</ele>
   </trkpt>
   <trkpt lat="42.27601000000001" lon="-71.17295">
    <ele>29.540000000000003</ele>
   </trkpt>
   <trkpt lat="42.27609" lon="-71.17294000000001">
    <ele>29.85</ele>
   </trkpt>
   <trkpt lat="42.27628000000001" lon="-71.17286">
    <ele>30.09</ele>
   </trkpt>
   <trkpt lat="42.276340000000005" lon="-71.17273">
    <ele>30.69</ele>
   </trkpt>
   <trkpt lat="42.27653" lon="-71.1726">
    <ele>30.92</ele>
   </trkpt>
   <trkpt lat="42.27689" lon="-71.17249000000001">
    <ele>31.8</ele>
   </trkpt>
   <trkpt lat="42.27698" lon="-71.17295">
    <ele>30.78</ele>
   </trkpt>
   <trkpt lat="42.277080000000005" lon="-71.17320000000001">
    <ele>30.500000000000004</ele>
   </trkpt>
   <trkpt lat="42.277170000000005" lon="-71.17349">
    <ele>29.960000000000004</ele>
   </trkpt>
   <trkpt lat="42.27731" lon="-71.17376">
    <ele>29.51</ele>
   </trkpt>
   <trkpt lat="42.277550000000005" lon="-71.17416">
    <ele>29.220000000000002</ele>
   </trkpt>
   <trkpt lat="42.277800000000006" lon="-71.17451000000001">
    <ele>29.09</ele>
   </trkpt>
   <trkpt lat="42.27808" lon="-71.17497">
    <ele>28.830000000000002</ele>
   </trkpt>
   <trkpt lat="42.278200000000005" lon="-71.17509000000001">
    <ele>28.830000000000002</ele>
   </trkpt>
   <trkpt lat="42.2783" lon="-71.17523">
    <ele>28.830000000000002</ele>
   </trkpt>
   <trkpt lat="42.278650000000006" lon="-71.17547">
    <ele>28.810000000000002</ele>
   </trkpt>
   <trkpt lat="42.278830000000006" lon="-71.17555">
    <ele>28.940000000000005</ele>
   </trkpt>
   <trkpt lat="42.27908" lon="-71.17563000000001">
    <ele>29.540000000000003</ele>
   </trkpt>
   <trkpt lat="42.279300000000006" lon="-71.17577">
    <ele>29.820000000000004</ele>
   </trkpt>
   <trkpt lat="42.27964" lon="-71.17613">
    <ele>31.26</ele>
   </trkpt>
   <trkpt lat="42.27999000078422" lon="-71.17654499773768">
    <ele>34.81</ele>
   </trkpt>
   <trkpt lat="42.28034" lon="-71.17696000000001">
    <ele>37.58</ele>
   </trkpt>
   <trkpt lat="42.280620000000006" lon="-71.17721">
    <ele>37.39</ele>
   </trkpt>
   <trkpt lat="42.28069000000001" lon="-71.17725">
    <ele>37.39</ele>
   </trkpt>
   <trkpt lat="42.281020000000005" lon="-71.17711">
    <ele>36.42</ele>
   </trkpt>
   <trkpt lat="42.281060000000004" lon="-71.17712">
    <ele>36.42</ele>
   </trkpt>
   <trkpt lat="42.2811" lon="-71.17717">
    <ele>36.36</ele>
   </trkpt>
   <trkpt lat="42.281110000000005" lon="-71.1773">
    <ele>36.36</ele>
   </trkpt>
   <trkpt lat="42.28126" lon="-71.17738">
    <ele>36.79</ele>
   </trkpt>
   <trkpt lat="42.28134" lon="-71.1773">
    <ele>36.94</ele>
   </trkpt>
   <trkpt lat="42.28139" lon="-71.17729">
    <ele>36.94</ele>
   </trkpt>
   <trkpt lat="42.281620000000004" lon="-71.1773">
    <ele>37.11000000000001</ele>
   </trkpt>
   <trkpt lat="42.28195" lon="-71.17729">
    <ele>37.13</ele>
   </trkpt>
   <trkpt lat="42.28252000012417" lon="-71.17740499897307">
    <ele>36.85</ele>
   </trkpt>
   <trkpt lat="42.28309" lon="-71.17752">
    <ele>35.64000000000001</ele>
   </trkpt>
   <trkpt lat="42.283210000000004" lon="-71.17748">
    <ele>35.36</ele>
   </trkpt>
   <trkpt lat="42.283440000000006" lon="-71.17735">
    <ele>34.13</ele>
   </trkpt>
   <trkpt lat="42.28351000000001" lon="-71.17734">
    <ele>33.74</ele>
   </trkpt>
   <trkpt lat="42.283570000000005" lon="-71.17735">
    <ele>33.74</ele>
   </trkpt>
   <trkpt lat="42.28378" lon="-71.17756">
    <ele>33.04</ele>
   </trkpt>
   <trkpt lat="42.283860000000004" lon="-71.17769000000001">
    <ele>32.85</ele>
   </trkpt>
   <trkpt lat="42.283970000000004" lon="-71.17792">
    <ele>32.75</ele>
   </trkpt>
   <trkpt lat="42.284020000000005" lon="-71.17827000000001">
    <ele>32.650000000000006</ele>
   </trkpt>
   <trkpt lat="42.28403" lon="-71.17899">
    <ele>31.76</ele>
   </trkpt>
   <trkpt lat="42.28405" lon="-71.17914">
    <ele>31.21</ele>
   </trkpt>
   <trkpt lat="42.284110000000005" lon="-71.17929000000001">
    <ele>31.21</ele>
   </trkpt>
   <trkpt lat="42.28441" lon="-71.17962">
    <ele>29.93</ele>
   </trkpt>
   <trkpt lat="42.28452" lon="-71.1798">
    <ele>29.36</ele>
   </trkpt>
   <trkpt lat="42.284670000000006" lon="-71.18011">
    <ele>28.940000000000005</ele>
   </trkpt>
   <trkpt lat="42.284840001487225" lon="-71.18069499842383">
    <ele>28.51</ele>
   </trkpt>
   <trkpt lat="42.28501000000001" lon="-71.18128">
    <ele>28.28</ele>
   </trkpt>
   <trkpt lat="42.285030000000006" lon="-71.18146">
    <ele>28.270000000000003</ele>
   </trkpt>
   <trkpt lat="42.28497" lon="-71.18156">
    <ele>28.270000000000003</ele>
   </trkpt>
   <trkpt lat="42.28456500133805" lon="-71.18211500356772">
    <ele>28.35</ele>
   </trkpt>
   <trkpt lat="42.28416" lon="-71.18267">
    <ele>28.330000000000002</ele>
   </trkpt>
   <trkpt lat="42.28387" lon="-71.18294">
    <ele>28.41</ele>
   </trkpt>
   <trkpt lat="42.283570000000005" lon="-71.18343">
    <ele>29.05</ele>
   </trkpt>
   <trkpt lat="42.28367" lon="-71.18356">
    <ele>28.59</ele>
   </trkpt>
   <trkpt lat="42.283730000000006" lon="-71.18361">
    <ele>28.44</ele>
   </trkpt>
   <trkpt lat="42.28378" lon="-71.18361">
    <ele>28.32</ele>
   </trkpt>
   <trkpt lat="42.28385" lon="-71.18361">
    <ele>28.200000000000003</ele>
   </trkpt>
   <trkpt lat="42.28401" lon="-71.18353">
    <ele>28.020000000000003</ele>
   </trkpt>
   <trkpt lat="42.2841" lon="-71.18352">
    <ele>28.020000000000003</ele>
   </trkpt>
   <trkpt lat="42.28423" lon="-71.18352">
    <ele>28.020000000000003</ele>
   </trkpt>
   <trkpt lat="42.28439" lon="-71.18360000000001">
    <ele>28.130000000000003</ele>
   </trkpt>
   <trkpt lat="42.284510000000004" lon="-71.18378">
    <ele>28.380000000000003</ele>
   </trkpt>
   <trkpt lat="42.28455" lon="-71.18392">
    <ele>28.380000000000003</ele>
   </trkpt>
   <trkpt lat="42.28455" lon="-71.18406">
    <ele>28.26</ele>
   </trkpt>
   <trkpt lat="42.284490000000005" lon="-71.18455">
    <ele>28.37</ele>
   </trkpt>
   <trkpt lat="42.284510000000004" lon="-71.18469">
    <ele>28.37</ele>
   </trkpt>
   <trkpt lat="42.28454000000001" lon="-71.18481">
    <ele>28.360000000000003</ele>
   </trkpt>
   <trkpt lat="42.284620000000004" lon="-71.18499">
    <ele>28.400000000000002</ele>
   </trkpt>
   <trkpt lat="42.284740000000006" lon="-71.18509">
    <ele>28.400000000000002</ele>
   </trkpt>
   <trkpt lat="42.28533" lon="-71.18539000000001">
    <ele>28.360000000000003</ele>
   </trkpt>
   <trkpt lat="42.285940000000004" lon="-71.18558">
    <ele>28.650000000000002</ele>
   </trkpt>
   <trkpt lat="42.286080000000005" lon="-71.18558">
    <ele>28.71</ele>
   </trkpt>
   <trkpt lat="42.28625" lon="-71.18553">
    <ele>28.700000000000003</ele>
   </trkpt>
   <trkpt lat="42.286530000000006" lon="-71.18534000000001">
    <ele>28.82</ele>
   </trkpt>
   <trkpt lat="42.28665" lon="-71.18558">
    <ele>28.93</ele>
   </trkpt>
   <trkpt lat="42.28667" lon="-71.18570000000001">
    <ele>28.93</ele>
   </trkpt>
   <trkpt lat="42.28665" lon="-71.18598">
    <ele>28.89</ele>
   </trkpt>
   <trkpt lat="42.28672" lon="-71.18652">
    <ele>28.67</ele>
   </trkpt>
   <trkpt lat="42.28692" lon="-71.18692">
    <ele>28.67</ele>
   </trkpt>
   <trkpt lat="42.287020000000005" lon="-71.1876">
    <ele>30.42</ele>
   </trkpt>
   <trkpt lat="42.286970000000004" lon="-71.188">
    <ele>29.77</ele>
   </trkpt>
   <trkpt lat="42.28696" lon="-71.18826">
    <ele>29.080000000000002</ele>
   </trkpt>
   <trkpt lat="42.286910000000006" lon="-71.18862">
    <ele>28.970000000000002</ele>
   </trkpt>
   <trkpt lat="42.28692" lon="-71.18906000000001">
    <ele>29.01</ele>
   </trkpt>
   <trkpt lat="42.287020000000005" lon="-71.18929">
    <ele>28.560000000000002</ele>
   </trkpt>
   <trkpt lat="42.287130000000005" lon="-71.18979">
    <ele>28.34</ele>
   </trkpt>
   <trkpt lat="42.28727000000001" lon="-71.19019">
    <ele>28.290000000000003</ele>
   </trkpt>
   <trkpt lat="42.28743" lon="-71.19086">
    <ele>28.28</ele>
   </trkpt>
   <trkpt lat="42.287530000000004" lon="-71.19113">
    <ele>28.020000000000003</ele>
   </trkpt>
   <trkpt lat="42.287690000000005" lon="-71.19135">
    <ele>27.990000000000002</ele>
   </trkpt>
   <trkpt lat="42.287780000000005" lon="-71.19144">
    <ele>28.060000000000002</ele>
   </trkpt>
   <trkpt lat="42.288050000000005" lon="-71.19153">
    <ele>28.090000000000003</ele>
   </trkpt>
   <trkpt lat="42.28835" lon="-71.19158">
    <ele>28.330000000000002</ele>
   </trkpt>
   <trkpt lat="42.28853" lon="-71.19152000000001">
    <ele>28.720000000000002</ele>
   </trkpt>
   <trkpt lat="42.288630000000005" lon="-71.19153">
    <ele>28.78</ele>
   </trkpt>
   <trkpt lat="42.288830000000004" lon="-71.19161000000001">
    <ele>28.67</ele>
   </trkpt>
   <trkpt lat="42.288990000000005" lon="-71.19170000000001">
    <ele>28.64</ele>
   </trkpt>
   <trkpt lat="42.28916" lon="-71.19172">
    <ele>28.68</ele>
   </trkpt>
   <trkpt lat="42.289260000000006" lon="-71.19171">
    <ele>28.73</ele>
   </trkpt>
   <trkpt lat="42.289410000000004" lon="-71.19175">
    <ele>28.810000000000002</ele>
   </trkpt>
   <trkpt lat="42.28963" lon="-71.19187000000001">
    <ele>29.35</ele>
   </trkpt>
   <trkpt lat="42.28976" lon="-71.1919">
    <ele>29.35</ele>
   </trkpt>
   <trkpt lat="42.28985" lon="-71.19196000000001">
    <ele>29.35</ele>
   </trkpt>
   <trkpt lat="42.28980000000001" lon="-71.1922">
    <ele>29.220000000000002</ele>
   </trkpt>
   <trkpt lat="42.28976" lon="-71.19265">
    <ele>28.68</ele>
   </trkpt>
   <trkpt lat="42.28971000000001" lon="-71.19381">
    <ele>29.280000000000005</ele>
   </trkpt>
   <trkpt lat="42.289750000000005" lon="-71.19413">
    <ele>29.900000000000002</ele>
   </trkpt>
   <trkpt lat="42.28987" lon="-71.19436">
    <ele>30.590000000000003</ele>
   </trkpt>
   <trkpt lat="42.29007" lon="-71.19461000000001">
    <ele>31.5</ele>
   </trkpt>
   <trkpt lat="42.290020000000005" lon="-71.19467">
    <ele>31.52</ele>
   </trkpt>
   <trkpt lat="42.28983" lon="-71.19507">
    <ele>31.810000000000006</ele>
   </trkpt>
   <trkpt lat="42.289750000000005" lon="-71.19514000000001">
    <ele>31.560000000000006</ele>
   </trkpt>
   <trkpt lat="42.28980000000001" lon="-71.19534">
    <ele>30.220000000000002</ele>
   </trkpt>
   <trkpt lat="42.289880000000004" lon="-71.19542000000001">
    <ele>29.67</ele>
   </trkpt>
   <trkpt lat="42.290220000000005" lon="-71.19584">
    <ele>28.690000000000005</ele>
   </trkpt>
   <trkpt lat="42.290380000000006" lon="-71.19569">
    <ele>28.66</ele>
   </trkpt>
   <trkpt lat="42.29043" lon="-71.19568000000001">
    <ele>28.66</ele>
   </trkpt>
   <trkpt lat="42.290795001025025" lon="-71.19615999725036">
    <ele>29.01</ele>
   </trkpt>
   <trkpt lat="42.291160000000005" lon="-71.19664">
    <ele>29.450000000000003</ele>
   </trkpt>
   <trkpt lat="42.291230000000006" lon="-71.19669">
    <ele>29.450000000000003</ele>
   </trkpt>
   <trkpt lat="42.29146" lon="-71.19681">
    <ele>29.820000000000004</ele>
   </trkpt>
   <trkpt lat="42.291450000000005" lon="-71.19703000000001">
    <ele>29.620000000000005</ele>
   </trkpt>
   <trkpt lat="42.291500000000006" lon="-71.19734000000001">
    <ele>29.48</ele>
   </trkpt>
   <trkpt lat="42.29162" lon="-71.19757">
    <ele>29.5</ele>
   </trkpt>
   <trkpt lat="42.29204000450304" lon="-71.19828999039653">
    <ele>29.84</ele>
   </trkpt>
   <trkpt lat="42.29246000450243" lon="-71.19900999039538">
    <ele>30.18</ele>
   </trkpt>
   <trkpt lat="42.292880000000004" lon="-71.19973">
    <ele>30.900000000000002</ele>
   </trkpt>
   <trkpt lat="42.293150000000004" lon="-71.20017">
    <ele>31.32</ele>
   </trkpt>
   <trkpt lat="42.2935" lon="-71.20065000000001">
    <ele>31.93</ele>
   </trkpt>
   <trkpt lat="42.293870000000005" lon="-71.20106000000001">
    <ele>32.150000000000006</ele>
   </trkpt>
   <trkpt lat="42.29455" lon="-71.20177000000001">
    <ele>31.200000000000003</ele>
   </trkpt>
   <trkpt lat="42.294830000000005" lon="-71.2021">
    <ele>30.79</ele>
   </trkpt>
   <trkpt lat="42.29518" lon="-71.20259">
    <ele>30.520000000000003</ele>
   </trkpt>
   <trkpt lat="42.295460000000006" lon="-71.20304">
    <ele>30.560000000000002</ele>
   </trkpt>
   <trkpt lat="42.29592" lon="-71.20388000000001">
    <ele>32.67</ele>
   </trkpt>
   <trkpt lat="42.296150000000004" lon="-71.20416">
    <ele>33.940000000000005</ele>
   </trkpt>
   <trkpt lat="42.296310000000005" lon="-71.2043">
    <ele>34.17</ele>
   </trkpt>
   <trkpt lat="42.29666" lon="-71.20451">
    <ele>34.74</ele>
   </trkpt>
   <trkpt lat="42.29708" lon="-71.20456">
    <ele>34.86</ele>
   </trkpt>
   <trkpt lat="42.297200000000004" lon="-71.20451">
    <ele>34.9</ele>
   </trkpt>
   <trkpt lat="42.297270000000005" lon="-71.20443">
    <ele>34.9</ele>
   </trkpt>
   <trkpt lat="42.29737" lon="-71.20484">
    <ele>34.5</ele>
   </trkpt>
   <trkpt lat="42.297430000000006" lon="-71.20519">
    <ele>34.5</ele>
   </trkpt>
   <trkpt lat="42.29750000000001" lon="-71.20581">
    <ele>34.07</ele>
   </trkpt>
   <trkpt lat="42.29749" lon="-71.20622">
    <ele>33.370000000000005</ele>
   </trkpt>
   <trkpt lat="42.297450000000005" lon="-71.20658">
    <ele>33.13</ele>
   </trkpt>
   <trkpt lat="42.297340000000005" lon="-71.20715000000001">
    <ele>32.120000000000005</ele>
   </trkpt>
   <trkpt lat="42.29714334001422" lon="-71.208026672125">
    <ele>30.340000000000003</ele>
   </trkpt>
   <trkpt lat="42.2969466733514" lon="-71.20890333877442">
    <ele>29.6</ele>
   </trkpt>
   <trkpt lat="42.29675" lon="-71.20978000000001">
    <ele>29.880000000000003</ele>
   </trkpt>
   <trkpt lat="42.296910000000004" lon="-71.20984">
    <ele>29.740000000000002</ele>
   </trkpt>
   <trkpt lat="42.29701" lon="-71.20993">
    <ele>29.69</ele>
   </trkpt>
   <trkpt lat="42.297702505527596" lon="-71.21057997857623">
    <ele>30.17</ele>
   </trkpt>
   <trkpt lat="42.29839500738474" lon="-71.2112299714482">
    <ele>30.62</ele>
   </trkpt>
   <trkpt lat="42.299087505571265" lon="-71.21187997861647">
    <ele>31.090000000000003</ele>
   </trkpt>
   <trkpt lat="42.299780000000005" lon="-71.21253">
    <ele>31.43</ele>
   </trkpt>
   <trkpt lat="42.29993" lon="-71.21262">
    <ele>31.6</ele>
   </trkpt>
   <trkpt lat="42.300160000000005" lon="-71.21270000000001">
    <ele>31.68</ele>
   </trkpt>
   <trkpt lat="42.300070000000005" lon="-71.21267">
    <ele>31.64</ele>
   </trkpt>
   <trkpt lat="42.30042" lon="-71.21275">
    <ele>31.86</ele>
   </trkpt>
   <trkpt lat="42.300560000000004" lon="-71.21275">
    <ele>31.86</ele>
   </trkpt>
   <trkpt lat="42.301260000125495" lon="-71.21259000177552">
    <ele>31.91</ele>
   </trkpt>
   <trkpt lat="42.30196" lon="-71.21243000000001">
    <ele>31.42</ele>
   </trkpt>
   <trkpt lat="42.302020000000006" lon="-71.21243000000001">
    <ele>31.42</ele>
   </trkpt>
   <trkpt lat="42.30207" lon="-71.21244">
    <ele>31.42</ele>
   </trkpt>
   <trkpt lat="42.30216" lon="-71.21234000000001">
    <ele>31.42</ele>
   </trkpt>
   <trkpt lat="42.30261" lon="-71.21226">
    <ele>31.21</ele>
   </trkpt>
   <trkpt lat="42.302890000000005" lon="-71.21217">
    <ele>31.380000000000006</ele>
   </trkpt>
   <trkpt lat="42.30312000000001" lon="-71.21217">
    <ele>31.71</ele>
   </trkpt>
   <trkpt lat="42.303740000000005" lon="-71.21248">
    <ele>32.59</ele>
   </trkpt>
   <trkpt lat="42.30427" lon="-71.2128">
    <ele>32.470000000000006</ele>
   </trkpt>
   <trkpt lat="42.3049" lon="-71.21321">
    <ele>30.300000000000004</ele>
   </trkpt>
   <trkpt lat="42.305150000000005" lon="-71.21343">
    <ele>30.12</ele>
   </trkpt>
   <trkpt lat="42.305420000000005" lon="-71.21364000000001">
    <ele>30.320000000000004</ele>
   </trkpt>
   <trkpt lat="42.30563" lon="-71.21386000000001">
    <ele>29.800000000000004</ele>
   </trkpt>
   <trkpt lat="42.305710000000005" lon="-71.21396">
    <ele>29.720000000000002</ele>
   </trkpt>
   <trkpt lat="42.30576000000001" lon="-71.21422000000001">
    <ele>29.810000000000002</ele>
   </trkpt>
   <trkpt lat="42.30577" lon="-71.21469">
    <ele>31.000000000000004</ele>
   </trkpt>
   <trkpt lat="42.30574" lon="-71.21517">
    <ele>31.32</ele>
   </trkpt>
   <trkpt lat="42.30576000000001" lon="-71.21544">
    <ele>31.17</ele>
   </trkpt>
   <trkpt lat="42.30584" lon="-71.21584">
    <ele>30.650000000000002</ele>
   </trkpt>
   <trkpt lat="42.305980000000005" lon="-71.21632000000001">
    <ele>30.570000000000004</ele>
   </trkpt>
   <trkpt lat="42.30617" lon="-71.21722000000001">
    <ele>31.32</ele>
   </trkpt>
   <trkpt lat="42.306200000000004" lon="-71.21727">
    <ele>31.32</ele>
   </trkpt>
   <trkpt lat="42.306745001126494" lon="-71.21677000429153">
    <ele>31.62</ele>
   </trkpt>
   <trkpt lat="42.30729" lon="-71.21627000000001">
    <ele>31.700000000000006</ele>
   </trkpt>
   <trkpt lat="42.307370000000006" lon="-71.21643">
    <ele>31.68</ele>
   </trkpt>
   <trkpt lat="42.307410000000004" lon="-71.21645000000001">
    <ele>31.740000000000002</ele>
   </trkpt>
   <trkpt lat="42.30747" lon="-71.21651">
    <ele>31.740000000000002</ele>
   </trkpt>
   <trkpt lat="42.307500000000005" lon="-71.21657">
    <ele>31.810000000000006</ele>
   </trkpt>
   <trkpt lat="42.30762" lon="-71.21712000000001">
    <ele>32.230000000000004</ele>
   </trkpt>
   <trkpt lat="42.30779500209586" lon="-71.21781999792309">
    <ele>32.940000000000005</ele>
   </trkpt>
   <trkpt lat="42.307970000000005" lon="-71.21852000000001">
    <ele>33.67</ele>
   </trkpt>
   <trkpt lat="42.308170000000004" lon="-71.21925">
    <ele>34.690000000000005</ele>
   </trkpt>
   <trkpt lat="42.30834" lon="-71.21973000000001">
    <ele>35.4</ele>
   </trkpt>
   <trkpt lat="42.30859" lon="-71.22014">
    <ele>36.18</ele>
   </trkpt>
   <trkpt lat="42.3089" lon="-71.22041">
    <ele>36.71</ele>
   </trkpt>
   <trkpt lat="42.309090000000005" lon="-71.22051">
    <ele>36.9</ele>
   </trkpt>
   <trkpt lat="42.30931" lon="-71.22062000000001">
    <ele>37.7</ele>
   </trkpt>
   <trkpt lat="42.309340000000006" lon="-71.22064">
    <ele>37.73</ele>
   </trkpt>
   <trkpt lat="42.309340000000006" lon="-71.22068">
    <ele>37.73</ele>
   </trkpt>
   <trkpt lat="42.30941000000001" lon="-71.22071000000001">
    <ele>37.660000000000004</ele>
   </trkpt>
   <trkpt lat="42.309310001658766" lon="-71.22134000141297">
    <ele>37.27</ele>
   </trkpt>
   <trkpt lat="42.30921" lon="-71.22197">
    <ele>36.67</ele>
   </trkpt>
   <trkpt lat="42.309160000000006" lon="-71.22248">
    <ele>36.2</ele>
   </trkpt>
   <trkpt lat="42.30917" lon="-71.2227">
    <ele>35.54</ele>
   </trkpt>
   <trkpt lat="42.30922" lon="-71.22291">
    <ele>35.54</ele>
   </trkpt>
   <trkpt lat="42.30939" lon="-71.22326000000001">
    <ele>35.07</ele>
   </trkpt>
   <trkpt lat="42.30973" lon="-71.22363">
    <ele>34.92</ele>
   </trkpt>
   <trkpt lat="42.30989" lon="-71.22373">
    <ele>34.64</ele>
   </trkpt>
   <trkpt lat="42.3104" lon="-71.22411000000001">
    <ele>34.14</ele>
   </trkpt>
   <trkpt lat="42.31051" lon="-71.22417">
    <ele>34.14</ele>
   </trkpt>
   <trkpt lat="42.31065" lon="-71.22424000000001">
    <ele>34.14</ele>
   </trkpt>
   <trkpt lat="42.31134666683458" lon="-71.22438999667355">
    <ele>33.65</ele>
   </trkpt>
   <trkpt lat="42.3120433334737" lon="-71.22453999666756">
    <ele>33.38</ele>
   </trkpt>
   <trkpt lat="42.312740000000005" lon="-71.22469000000001">
    <ele>33.84</ele>
   </trkpt>
   <trkpt lat="42.31319000014548" lon="-71.22471999979496">
    <ele>34.13</ele>
   </trkpt>
   <trkpt lat="42.31364000000001" lon="-71.22475">
    <ele>35.96000000000001</ele>
   </trkpt>
   <trkpt lat="42.31385" lon="-71.22478000000001">
    <ele>37.00000000000001</ele>
   </trkpt>
   <trkpt lat="42.31405" lon="-71.22484">
    <ele>38.67</ele>
   </trkpt>
   <trkpt lat="42.314550000000004" lon="-71.22516">
    <ele>42.5</ele>
   </trkpt>
   <trkpt lat="42.31505000000001" lon="-71.22542">
    <ele>45.300000000000004</ele>
   </trkpt>
   <trkpt lat="42.315380000000005" lon="-71.22556">
    <ele>46.01</ele>
   </trkpt>
   <trkpt lat="42.31602000001154" lon="-71.22564999816119">
    <ele>43.47</ele>
   </trkpt>
   <trkpt lat="42.316659999952705" lon="-71.22573999815287">
    <ele>38.2</ele>
   </trkpt>
   <trkpt lat="42.3173" lon="-71.22583">
    <ele>32.36</ele>
   </trkpt>
   <trkpt lat="42.31716" lon="-71.22691">
    <ele>27.590000000000003</ele>
   </trkpt>
   <trkpt lat="42.317440000000005" lon="-71.22686">
    <ele>27.26</ele>
   </trkpt>
   <trkpt lat="42.31785" lon="-71.22668">
    <ele>27.6</ele>
   </trkpt>
   <trkpt lat="42.31796000000001" lon="-71.22668">
    <ele>27.680000000000003</ele>
   </trkpt>
   <trkpt lat="42.31821" lon="-71.22672">
    <ele>28.05</ele>
   </trkpt>
   <trkpt lat="42.31839" lon="-71.22681">
    <ele>28.64</ele>
   </trkpt>
   <trkpt lat="42.318490000000004" lon="-71.22687">
    <ele>28.78</ele>
   </trkpt>
   <trkpt lat="42.31851" lon="-71.22688000000001">
    <ele>28.810000000000002</ele>
   </trkpt>
   <trkpt lat="42.31906" lon="-71.22738000000001">
    <ele>26.060000000000002</ele>
   </trkpt>
   <trkpt lat="42.31922" lon="-71.22753">
    <ele>25.62</ele>
   </trkpt>
   <trkpt lat="42.319430000000004" lon="-71.22779">
    <ele>25.43</ele>
   </trkpt>
   <trkpt lat="42.319750000000006" lon="-71.22821">
    <ele>25.150000000000002</ele>
   </trkpt>
   <trkpt lat="42.32013500125008" lon="-71.22876999641026">
    <ele>25.42</ele>
   </trkpt>
   <trkpt lat="42.32052" lon="-71.22933">
    <ele>26.44</ele>
   </trkpt>
   <trkpt lat="42.32106" lon="-71.22999">
    <ele>27.15</ele>
   </trkpt>
   <trkpt lat="42.32119" lon="-71.23021">
    <ele>27.000000000000004</ele>
   </trkpt>
   <trkpt lat="42.321290000000005" lon="-71.23044">
    <ele>25.94</ele>
   </trkpt>
   <trkpt lat="42.32137" lon="-71.2308">
    <ele>23.560000000000002</ele>
   </trkpt>
   <trkpt lat="42.32141" lon="-71.2312">
    <ele>22.1</ele>
   </trkpt>
   <trkpt lat="42.321420006308884" lon="-71.23240499991572">
    <ele>22.8</ele>
   </trkpt>
   <trkpt lat="42.32143000000001" lon="-71.23361">
    <ele>22.660000000000004</ele>
   </trkpt>
   <trkpt lat="42.321470000000005" lon="-71.2346">
    <ele>22.35</ele>
   </trkpt>
   <trkpt lat="42.32161000000001" lon="-71.23545">
    <ele>22.160000000000004</ele>
   </trkpt>
   <trkpt lat="42.321740000000005" lon="-71.23599">
    <ele>22.12</ele>
   </trkpt>
   <trkpt lat="42.32204" lon="-71.23698">
    <ele>21.77</ele>
   </trkpt>
   <trkpt lat="42.3222" lon="-71.23765">
    <ele>21.84</ele>
   </trkpt>
   <trkpt lat="42.322280000000006" lon="-71.23840000000001">
    <ele>22.060000000000002</ele>
   </trkpt>
   <trkpt lat="42.322280000000006" lon="-71.2389">
    <ele>22.22</ele>
   </trkpt>
   <trkpt lat="42.32226" lon="-71.23918">
    <ele>22.230000000000004</ele>
   </trkpt>
   <trkpt lat="42.322210000000005" lon="-71.23948">
    <ele>21.94</ele>
   </trkpt>
   <trkpt lat="42.32213" lon="-71.23974000000001">
    <ele>21.94</ele>
   </trkpt>
   <trkpt lat="42.32179" lon="-71.24055">
    <ele>21.71</ele>
   </trkpt>
   <trkpt lat="42.321630000000006" lon="-71.24108000000001">
    <ele>22.330000000000002</ele>
   </trkpt>
   <trkpt lat="42.32157" lon="-71.24136">
    <ele>22.150000000000002</ele>
   </trkpt>
   <trkpt lat="42.321540000000006" lon="-71.24167">
    <ele>21.69</ele>
   </trkpt>
   <trkpt lat="42.32153" lon="-71.24220000000001">
    <ele>21.27</ele>
   </trkpt>
   <trkpt lat="42.32159" lon="-71.24265000000001">
    <ele>21.330000000000002</ele>
   </trkpt>
   <trkpt lat="42.32177" lon="-71.24342">
    <ele>22.51</ele>
   </trkpt>
   <trkpt lat="42.321830000000006" lon="-71.24383">
    <ele>22.500000000000004</ele>
   </trkpt>
   <trkpt lat="42.32186" lon="-71.24418">
    <ele>22.680000000000003</ele>
   </trkpt>
   <trkpt lat="42.32186" lon="-71.24448000000001">
    <ele>22.89</ele>
   </trkpt>
   <trkpt lat="42.321830000000006" lon="-71.24494">
    <ele>23.75</ele>
   </trkpt>
   <trkpt lat="42.32166" lon="-71.24584">
    <ele>24.66</ele>
   </trkpt>
   <trkpt lat="42.321650000000005" lon="-71.24614000000001">
    <ele>24.14</ele>
   </trkpt>
   <trkpt lat="42.321690000000004" lon="-71.24642">
    <ele>23.430000000000003</ele>
   </trkpt>
   <trkpt lat="42.321780000000004" lon="-71.24669">
    <ele>22.69</ele>
   </trkpt>
   <trkpt lat="42.32190000000001" lon="-71.24696">
    <ele>22.480000000000004</ele>
   </trkpt>
   <trkpt lat="42.322120000000005" lon="-71.24723">
    <ele>22.44</ele>
   </trkpt>
   <trkpt lat="42.32231" lon="-71.2474">
    <ele>22.430000000000003</ele>
   </trkpt>
   <trkpt lat="42.32262" lon="-71.24763">
    <ele>22.22</ele>
   </trkpt>
   <trkpt lat="42.32291" lon="-71.24781">
    <ele>22.21</ele>
   </trkpt>
   <trkpt lat="42.32363" lon="-71.24807000000001">
    <ele>22.02</ele>
   </trkpt>
   <trkpt lat="42.324070000000006" lon="-71.24824000000001">
    <ele>22.02</ele>
   </trkpt>
   <trkpt lat="42.324650000000005" lon="-71.24862">
    <ele>22.340000000000003</ele>
   </trkpt>
   <trkpt lat="42.32484" lon="-71.24882000000001">
    <ele>22.01</ele>
   </trkpt>
   <trkpt lat="42.325160000000004" lon="-71.2492">
    <ele>21.36</ele>
   </trkpt>
   <trkpt lat="42.325450000000004" lon="-71.24964">
    <ele>21.03</ele>
   </trkpt>
   <trkpt lat="42.325810000000004" lon="-71.25034000000001">
    <ele>21.040000000000003</ele>
   </trkpt>
   <trkpt lat="42.32610500166862" lon="-71.25095999708986">
    <ele>21.25</ele>
   </trkpt>
   <trkpt lat="42.32640000000001" lon="-71.25158">
    <ele>21.980000000000004</ele>
   </trkpt>
   <trkpt lat="42.32672" lon="-71.25219">
    <ele>21.980000000000004</ele>
   </trkpt>
   <trkpt lat="42.32679" lon="-71.25228">
    <ele>21.980000000000004</ele>
   </trkpt>
   <trkpt lat="42.326930000000004" lon="-71.25242">
    <ele>22.17</ele>
   </trkpt>
   <trkpt lat="42.32703" lon="-71.25251">
    <ele>22.410000000000004</ele>
   </trkpt>
   <trkpt lat="42.32721" lon="-71.25264">
    <ele>23.31</ele>
   </trkpt>
   <trkpt lat="42.327580000000005" lon="-71.25285000000001">
    <ele>26.04</ele>
   </trkpt>
   <trkpt lat="42.327270000000006" lon="-71.25330000000001">
    <ele>25.85</ele>
   </trkpt>
   <trkpt lat="42.32732" lon="-71.25331">
    <ele>25.68</ele>
   </trkpt>
   <trkpt lat="42.32734000000001" lon="-71.25332">
    <ele>25.650000000000002</ele>
   </trkpt>
   <trkpt lat="42.327400000000004" lon="-71.25345">
    <ele>26.35</ele>
   </trkpt>
   <trkpt lat="42.32706" lon="-71.2539">
    <ele>25.800000000000004</ele>
   </trkpt>
   <trkpt lat="42.326930000000004" lon="-71.25411000000001">
    <ele>25.730000000000004</ele>
   </trkpt>
   <trkpt lat="42.3267" lon="-71.25435">
    <ele>25.210000000000004</ele>
   </trkpt>
   <trkpt lat="42.32645" lon="-71.2547">
    <ele>22.660000000000004</ele>
   </trkpt>
   <trkpt lat="42.32638" lon="-71.25484">
    <ele>22.660000000000004</ele>
   </trkpt>
   <trkpt lat="42.32618" lon="-71.25542">
    <ele>21.44</ele>
   </trkpt>
   <trkpt lat="42.326000001396665" lon="-71.25600000186822">
    <ele>20.52</ele>
   </trkpt>
   <trkpt lat="42.32582" lon="-71.25658">
    <ele>20.1</ele>
   </trkpt>
   <trkpt lat="42.325750000000006" lon="-71.25672">
    <ele>19.35</ele>
   </trkpt>
   <trkpt lat="42.325590000000005" lon="-71.25717">
    <ele>18.840000000000003</ele>
   </trkpt>
   <trkpt lat="42.325500000000005" lon="-71.25752">
    <ele>18.35</ele>
   </trkpt>
   <trkpt lat="42.32546000000001" lon="-71.25776">
    <ele>18.430000000000003</ele>
   </trkpt>
   <trkpt lat="42.32562" lon="-71.25784">
    <ele>19.53</ele>
   </trkpt>
   <trkpt lat="42.326040000000006" lon="-71.25811">
    <ele>21.380000000000003</ele>
   </trkpt>
   <trkpt lat="42.326260000000005" lon="-71.25832000000001">
    <ele>21.62</ele>
   </trkpt>
   <trkpt lat="42.32686" lon="-71.25891">
    <ele>21.51</ele>
   </trkpt>
   <trkpt lat="42.32705000000001" lon="-71.25922">
    <ele>21.5</ele>
   </trkpt>
   <trkpt lat="42.327200000000005" lon="-71.25975000000001">
    <ele>21.310000000000002</ele>
   </trkpt>
   <trkpt lat="42.327505003669735" lon="-71.26066499566126">
    <ele>19.24</ele>
   </trkpt>
   <trkpt lat="42.32781000000001" lon="-71.26158000000001">
    <ele>17.78</ele>
   </trkpt>
   <trkpt lat="42.32808000517905" lon="-71.26234999346849">
    <ele>17.550000000000004</ele>
   </trkpt>
   <trkpt lat="42.32835000520658" lon="-71.26311999354695">
    <ele>17.19</ele>
   </trkpt>
   <trkpt lat="42.32862" lon="-71.26389">
    <ele>16.37</ele>
   </trkpt>
   <trkpt lat="42.32862" lon="-71.26388">
    <ele>16.380000000000003</ele>
   </trkpt>
   <trkpt lat="42.32895334123708" lon="-71.26483332324977">
    <ele>14.870000000000001</ele>
   </trkpt>
   <trkpt lat="42.32928667457754" lon="-71.26578665660331">
    <ele>14.05</ele>
   </trkpt>
   <trkpt lat="42.329620000000006" lon="-71.26674000000001">
    <ele>13.88</ele>
   </trkpt>
   <trkpt lat="42.32991000093888" lon="-71.26721499774237">
    <ele>13.55</ele>
   </trkpt>
   <trkpt lat="42.330200000000005" lon="-71.26769">
    <ele>13.860000000000001</ele>
   </trkpt>
   <trkpt lat="42.33032" lon="-71.26782">
    <ele>14.090000000000002</ele>
   </trkpt>
   <trkpt lat="42.331030000000005" lon="-71.26818">
    <ele>13.920000000000002</ele>
   </trkpt>
   <trkpt lat="42.331725000526305" lon="-71.2684899966231">
    <ele>14.49</ele>
   </trkpt>
   <trkpt lat="42.332420000000006" lon="-71.2688">
    <ele>15.71</ele>
   </trkpt>
   <trkpt lat="42.33265" lon="-71.26885">
    <ele>15.92</ele>
   </trkpt>
   <trkpt lat="42.332890000000006" lon="-71.26889">
    <ele>16.0</ele>
   </trkpt>
   <trkpt lat="42.33357000028985" lon="-71.26871500185175">
    <ele>15.260000000000002</ele>
   </trkpt>
   <trkpt lat="42.334250000000004" lon="-71.26854">
    <ele>16.42</ele>
   </trkpt>
   <trkpt lat="42.33469" lon="-71.2684">
    <ele>18.87</ele>
   </trkpt>
   <trkpt lat="42.33516000017088" lon="-71.26818000166257">
    <ele>20.62</ele>
   </trkpt>
   <trkpt lat="42.33563" lon="-71.26796">
    <ele>22.12</ele>
   </trkpt>
   <trkpt lat="42.335620000000006" lon="-71.26786">
    <ele>21.560000000000002</ele>
   </trkpt>
   <trkpt lat="42.335640000000005" lon="-71.26777">
    <ele>21.560000000000002</ele>
   </trkpt>
   <trkpt lat="42.336000000000006" lon="-71.26675">
    <ele>21.09</ele>
   </trkpt>
   <trkpt lat="42.336317511806556" lon="-71.26579751448104">
    <ele>21.300000000000004</ele>
   </trkpt>
   <trkpt lat="42.33663501573016" lon="-71.2648450193441">
    <ele>21.54</ele>
   </trkpt>
   <trkpt lat="42.336952511770654" lon="-71.2638925145892">
    <ele>23.340000000000003</ele>
   </trkpt>
   <trkpt lat="42.337270000000004" lon="-71.26294">
    <ele>22.860000000000003</ele>
   </trkpt>
   <trkpt lat="42.337545003420395" lon="-71.26205000395963">
    <ele>21.92</ele>
   </trkpt>
   <trkpt lat="42.33782" lon="-71.26116">
    <ele>22.490000000000002</ele>
   </trkpt>
   <trkpt lat="42.338135002998506" lon="-71.260330004143">
    <ele>24.89</ele>
   </trkpt>
   <trkpt lat="42.33845" lon="-71.2595">
    <ele>23.64</ele>
   </trkpt>
   <trkpt lat="42.33888" lon="-71.25852">
    <ele>22.03</ele>
   </trkpt>
   <trkpt lat="42.3389" lon="-71.25850000000001">
    <ele>21.96</ele>
   </trkpt>
   <trkpt lat="42.339040000000004" lon="-71.25815">
    <ele>21.120000000000005</ele>
   </trkpt>
   <trkpt lat="42.339180000000006" lon="-71.25824">
    <ele>20.990000000000002</ele>
   </trkpt>
   <trkpt lat="42.33932" lon="-71.25828">
    <ele>20.880000000000003</ele>
   </trkpt>
   <trkpt lat="42.33984333588497" lon="-71.25774334221617">
    <ele>19.080000000000002</ele>
   </trkpt>
   <trkpt lat="42.340366669267446" lon="-71.25720667549923">
    <ele>17.060000000000002</ele>
   </trkpt>
   <trkpt lat="42.34089" lon="-71.25667">
    <ele>15.83</ele>
   </trkpt>
   <trkpt lat="42.341550000000005" lon="-71.25603000000001">
    <ele>21.040000000000003</ele>
   </trkpt>
   <trkpt lat="42.34172" lon="-71.25622">
    <ele>20.080000000000002</ele>
   </trkpt>
   <trkpt lat="42.3419" lon="-71.25685">
    <ele>15.22</ele>
   </trkpt>
   <trkpt lat="42.341950000000004" lon="-71.25694">
    <ele>14.810000000000002</ele>
   </trkpt>
   <trkpt lat="42.34207000000001" lon="-71.25703">
    <ele>14.810000000000002</ele>
   </trkpt>
   <trkpt lat="42.34273" lon="-71.25703">
    <ele>15.84</ele>
   </trkpt>
   <trkpt lat="42.34281" lon="-71.25699">
    <ele>15.84</ele>
   </trkpt>
   <trkpt lat="42.343320000000006" lon="-71.25654">
    <ele>15.93</ele>
   </trkpt>
   <trkpt lat="42.343910001153816" lon="-71.25598000545331">
    <ele>15.590000000000002</ele>
   </trkpt>
   <trkpt lat="42.344500000000004" lon="-71.25542">
    <ele>15.690000000000003</ele>
   </trkpt>
   <trkpt lat="42.34456" lon="-71.25537">
    <ele>15.89</ele>
   </trkpt>
   <trkpt lat="42.34465" lon="-71.25537">
    <ele>16.130000000000003</ele>
   </trkpt>
   <trkpt lat="42.3447" lon="-71.25538">
    <ele>16.130000000000003</ele>
   </trkpt>
   <trkpt lat="42.34456" lon="-71.25614">
    <ele>16.21</ele>
   </trkpt>
   <trkpt lat="42.344620000000006" lon="-71.25616000000001">
    <ele>15.8</ele>
   </trkpt>
   <trkpt lat="42.34442000000001" lon="-71.2573">
    <ele>17.150000000000002</ele>
   </trkpt>
   <trkpt lat="42.3444" lon="-71.25748">
    <ele>17.490000000000002</ele>
   </trkpt>
   <trkpt lat="42.34445" lon="-71.25834">
    <ele>16.75</ele>
   </trkpt>
   <trkpt lat="42.34449" lon="-71.25842">
    <ele>16.5</ele>
   </trkpt>
   <trkpt lat="42.344550000000005" lon="-71.25843">
    <ele>16.5</ele>
   </trkpt>
   <trkpt lat="42.344750000000005" lon="-71.25813000000001">
    <ele>16.740000000000002</ele>
   </trkpt>
   <trkpt lat="42.345020000000005" lon="-71.25775">
    <ele>17.61</ele>
   </trkpt>
   <trkpt lat="42.34539000065657" lon="-71.25734000249476">
    <ele>18.26</ele>
   </trkpt>
   <trkpt lat="42.345760000000006" lon="-71.25693000000001">
    <ele>18.53</ele>
   </trkpt>
   <trkpt lat="42.346120000000006" lon="-71.25645">
    <ele>18.31</ele>
   </trkpt>
   <trkpt lat="42.346160000000005" lon="-71.25649">
    <ele>18.45</ele>
   </trkpt>
   <trkpt lat="42.346250000000005" lon="-71.25637">
    <ele>18.17</ele>
   </trkpt>
   <trkpt lat="42.346500000000006" lon="-71.25591">
    <ele>17.720000000000002</ele>
   </trkpt>
   <trkpt lat="42.346610000000005" lon="-71.25556">
    <ele>17.720000000000002</ele>
   </trkpt>
   <trkpt lat="42.346880000000006" lon="-71.25457">
    <ele>16.96</ele>
   </trkpt>
   <trkpt lat="42.34696" lon="-71.25420000000001">
    <ele>16.84</ele>
   </trkpt>
   <trkpt lat="42.34709" lon="-71.25319">
    <ele>16.439999999999998</ele>
   </trkpt>
   <trkpt lat="42.347280000000005" lon="-71.25323">
    <ele>16.23</ele>
   </trkpt>
   <trkpt lat="42.347350000000006" lon="-71.25327">
    <ele>16.23</ele>
   </trkpt>
   <trkpt lat="42.34767" lon="-71.2531">
    <ele>15.39</ele>
   </trkpt>
   <trkpt lat="42.348040000000005" lon="-71.25287">
    <ele>13.370000000000001</ele>
   </trkpt>
   <trkpt lat="42.34812" lon="-71.25286000000001">
    <ele>13.290000000000001</ele>
   </trkpt>
   <trkpt lat="42.348420000000004" lon="-71.253">
    <ele>13.31</ele>
   </trkpt>
   <trkpt lat="42.34848" lon="-71.253">
    <ele>13.330000000000002</ele>
   </trkpt>
   <trkpt lat="42.34855" lon="-71.25296">
    <ele>13.330000000000002</ele>
   </trkpt>
   <trkpt lat="42.34913" lon="-71.25251">
    <ele>13.46</ele>
   </trkpt>
   <trkpt lat="42.349230000000006" lon="-71.25237">
    <ele>13.46</ele>
   </trkpt>
   <trkpt lat="42.34930000000001" lon="-71.25233">
    <ele>13.46</ele>
   </trkpt>
   <trkpt lat="42.34962" lon="-71.25242">
    <ele>13.44</ele>
   </trkpt>
   <trkpt lat="42.349810000000005" lon="-71.25251">
    <ele>13.46</ele>
   </trkpt>
   <trkpt lat="42.349990000000005" lon="-71.25264">
    <ele>13.47</ele>
   </trkpt>
   <trkpt lat="42.35034" lon="-71.25282">
    <ele>13.920000000000002</ele>
   </trkpt>
   <trkpt lat="42.3507850003601" lon="-71.25295499912946">
    <ele>13.13</ele>
   </trkpt>
   <trkpt lat="42.35123" lon="-71.25309">
    <ele>12.85</ele>
   </trkpt>
   <trkpt lat="42.3516950000897" lon="-71.25304500032509">
    <ele>13.170000000000002</ele>
   </trkpt>
   <trkpt lat="42.352160000000005" lon="-71.253">
    <ele>13.4</ele>
   </trkpt>
   <trkpt lat="42.35237" lon="-71.25305">
    <ele>13.27</ele>
   </trkpt>
   <trkpt lat="42.35276" lon="-71.25308000000001">
    <ele>12.47</ele>
   </trkpt>
   <trkpt lat="42.35289" lon="-71.25304000000001">
    <ele>12.5</ele>
   </trkpt>
   <trkpt lat="42.35298" lon="-71.25296">
    <ele>12.57</ele>
   </trkpt>
   <trkpt lat="42.353" lon="-71.25291">
    <ele>12.57</ele>
   </trkpt>
   <trkpt lat="42.353060000000006" lon="-71.25292">
    <ele>12.57</ele>
   </trkpt>
   <trkpt lat="42.353170000000006" lon="-71.25291">
    <ele>12.47</ele>
   </trkpt>
   <trkpt lat="42.353280000000005" lon="-71.25282">
    <ele>12.47</ele>
   </trkpt>
   <trkpt lat="42.353390000000005" lon="-71.25272000000001">
    <ele>12.51</ele>
   </trkpt>
   <trkpt lat="42.353680000000004" lon="-71.25265">
    <ele>12.620000000000001</ele>
   </trkpt>
   <trkpt lat="42.35392" lon="-71.25264">
    <ele>12.650000000000002</ele>
   </trkpt>
   <trkpt lat="42.35421" lon="-71.25264">
    <ele>12.48</ele>
   </trkpt>
   <trkpt lat="42.35427000000001" lon="-71.25261">
    <ele>12.48</ele>
   </trkpt>
   <trkpt lat="42.354260000000004" lon="-71.25261">
    <ele>12.48</ele>
   </trkpt>
   <trkpt lat="42.35437" lon="-71.25256">
    <ele>12.41</ele>
   </trkpt>
   <trkpt lat="42.35443" lon="-71.25251">
    <ele>12.41</ele>
   </trkpt>
   <trkpt lat="42.354490000000006" lon="-71.25241000000001">
    <ele>12.41</ele>
   </trkpt>
   <trkpt lat="42.35497" lon="-71.25224">
    <ele>12.24</ele>
   </trkpt>
   <trkpt lat="42.3552" lon="-71.25211">
    <ele>12.22</ele>
   </trkpt>
   <trkpt lat="42.35539000000001" lon="-71.25193">
    <ele>12.110000000000001</ele>
   </trkpt>
   <trkpt lat="42.35575" lon="-71.25151000000001">
    <ele>12.39</ele>
   </trkpt>
   <trkpt lat="42.35595" lon="-71.25108">
    <ele>12.440000000000001</ele>
   </trkpt>
   <trkpt lat="42.35606000000001" lon="-71.25101000000001">
    <ele>12.600000000000001</ele>
   </trkpt>
   <trkpt lat="42.35631" lon="-71.25077">
    <ele>12.790000000000001</ele>
   </trkpt>
   <trkpt lat="42.35658" lon="-71.25046">
    <ele>14.100000000000001</ele>
   </trkpt>
   <trkpt lat="42.356790000000004" lon="-71.25032">
    <ele>15.790000000000001</ele>
   </trkpt>
   <trkpt lat="42.35699" lon="-71.25025000000001">
    <ele>16.34</ele>
   </trkpt>
   <trkpt lat="42.35703" lon="-71.25035000000001">
    <ele>16.42</ele>
   </trkpt>
   <trkpt lat="42.357150000000004" lon="-71.25036">
    <ele>16.39</ele>
   </trkpt>
   <trkpt lat="42.357290000000006" lon="-71.25018">
    <ele>16.42</ele>
   </trkpt>
   <trkpt lat="42.35781" lon="-71.2501">
    <ele>16.28</ele>
   </trkpt>
   <trkpt lat="42.35821000000001" lon="-71.25">
    <ele>15.530000000000001</ele>
   </trkpt>
   <trkpt lat="42.35835" lon="-71.24991">
    <ele>15.160000000000002</ele>
   </trkpt>
   <trkpt lat="42.358610000000006" lon="-71.24958000000001">
    <ele>13.02</ele>
   </trkpt>
   <trkpt lat="42.35906500185917" lon="-71.24894000452231">
    <ele>12.72</ele>
   </trkpt>
   <trkpt lat="42.35952" lon="-71.2483">
    <ele>13.23</ele>
   </trkpt>
   <trkpt lat="42.359590000000004" lon="-71.24817">
    <ele>13.070000000000002</ele>
   </trkpt>
   <trkpt lat="42.35967" lon="-71.24791">
    <ele>13.200000000000001</ele>
   </trkpt>
   <trkpt lat="42.35971000000001" lon="-71.24758">
    <ele>14.06</ele>
   </trkpt>
   <trkpt lat="42.359750000000005" lon="-71.24741">
    <ele>15.040000000000001</ele>
   </trkpt>
   <trkpt lat="42.359840000000005" lon="-71.24726000000001">
    <ele>15.690000000000003</ele>
   </trkpt>
   <trkpt lat="42.359930000000006" lon="-71.24714">
    <ele>16.020000000000003</ele>
   </trkpt>
   <trkpt lat="42.36045666943764" lon="-71.24657000961194">
    <ele>16.700000000000003</ele>
   </trkpt>
   <trkpt lat="42.36098333605208" lon="-71.24600000966862">
    <ele>15.67</ele>
   </trkpt>
   <trkpt lat="42.36151" lon="-71.24543">
    <ele>13.860000000000001</ele>
   </trkpt>
   <trkpt lat="42.36189500057957" lon="-71.24503000257114">
    <ele>13.02</ele>
   </trkpt>
   <trkpt lat="42.362280000000005" lon="-71.24463">
    <ele>12.620000000000001</ele>
   </trkpt>
   <trkpt lat="42.362410000000004" lon="-71.24457000000001">
    <ele>12.780000000000001</ele>
   </trkpt>
   <trkpt lat="42.36262000000001" lon="-71.24452000000001">
    <ele>12.870000000000001</ele>
   </trkpt>
   <trkpt lat="42.362950000000005" lon="-71.24449">
    <ele>13.070000000000002</ele>
   </trkpt>
   <trkpt lat="42.36305" lon="-71.24445">
    <ele>13.340000000000002</ele>
   </trkpt>
   <trkpt lat="42.363150000000005" lon="-71.24439000000001">
    <ele>13.250000000000002</ele>
   </trkpt>
   <trkpt lat="42.363170000000004" lon="-71.24445">
    <ele>13.06</ele>
   </trkpt>
   <trkpt lat="42.36319" lon="-71.24443000000001">
    <ele>13.06</ele>
   </trkpt>
   <trkpt lat="42.363200000000006" lon="-71.24449">
    <ele>12.900000000000002</ele>
   </trkpt>
   <trkpt lat="42.363350000000004" lon="-71.24458">
    <ele>12.440000000000001</ele>
   </trkpt>
   <trkpt lat="42.36381" lon="-71.24467">
    <ele>12.07</ele>
   </trkpt>
   <trkpt lat="42.364070000000005" lon="-71.24480000000001">
    <ele>12.100000000000001</ele>
   </trkpt>
   <trkpt lat="42.36442" lon="-71.24473">
    <ele>12.05</ele>
   </trkpt>
   <trkpt lat="42.36502" lon="-71.24470000000001">
    <ele>12.120000000000001</ele>
   </trkpt>
   <trkpt lat="42.36506000000001" lon="-71.24494">
    <ele>11.920000000000002</ele>
   </trkpt>
   <trkpt lat="42.36579000044266" lon="-71.2447200051062">
    <ele>11.930000000000001</ele>
   </trkpt>
   <trkpt lat="42.366520000464746" lon="-71.24450000509964">
    <ele>12.08</ele>
   </trkpt>
   <trkpt lat="42.367250000000006" lon="-71.24428">
    <ele>11.930000000000001</ele>
   </trkpt>
   <trkpt lat="42.367940000000004" lon="-71.24405">
    <ele>12.16</ele>
   </trkpt>
   <trkpt lat="42.36847" lon="-71.24333">
    <ele>15.200000000000001</ele>
   </trkpt>
   <trkpt lat="42.368590000000005" lon="-71.24311">
    <ele>15.67</ele>
   </trkpt>
   <trkpt lat="42.36880000138487" lon="-71.2436699981873">
    <ele>15.0</ele>
   </trkpt>
   <trkpt lat="42.36901" lon="-71.24423">
    <ele>14.370000000000001</ele>
   </trkpt>
   <trkpt lat="42.36912" lon="-71.24414">
    <ele>14.280000000000001</ele>
   </trkpt>
   <trkpt lat="42.369110000000006" lon="-71.24396">
    <ele>12.860000000000001</ele>
   </trkpt>
   <trkpt lat="42.369130000000006" lon="-71.24378">
    <ele>12.33</ele>
   </trkpt>
   <trkpt lat="42.36921" lon="-71.2436">
    <ele>12.030000000000001</ele>
   </trkpt>
   <trkpt lat="42.36985000000001" lon="-71.24288">
    <ele>12.3</ele>
   </trkpt>
   <trkpt lat="42.37013" lon="-71.24261">
    <ele>12.260000000000002</ele>
   </trkpt>
   <trkpt lat="42.37023000000001" lon="-71.24248">
    <ele>12.260000000000002</ele>
   </trkpt>
   <trkpt lat="42.370270000000005" lon="-71.24247000000001">
    <ele>12.260000000000002</ele>
   </trkpt>
   <trkpt lat="42.370360000000005" lon="-71.24248">
    <ele>12.260000000000002</ele>
   </trkpt>
   <trkpt lat="42.37050000000001" lon="-71.24261">
    <ele>12.17</ele>
   </trkpt>
   <trkpt lat="42.37068" lon="-71.24283000000001">
    <ele>12.13</ele>
   </trkpt>
   <trkpt lat="42.37071" lon="-71.24284">
    <ele>11.97</ele>
   </trkpt>
   <trkpt lat="42.37077" lon="-71.24283000000001">
    <ele>11.97</ele>
   </trkpt>
   <trkpt lat="42.370900000000006" lon="-71.24266">
    <ele>11.91</ele>
   </trkpt>
   <trkpt lat="42.37102" lon="-71.24231">
    <ele>11.91</ele>
   </trkpt>
   <trkpt lat="42.37125" lon="-71.24197000000001">
    <ele>11.940000000000001</ele>
   </trkpt>
   <trkpt lat="42.371370000000006" lon="-71.24181">
    <ele>12.0</ele>
   </trkpt>
   <trkpt lat="42.371590000000005" lon="-71.24167">
    <ele>12.180000000000001</ele>
   </trkpt>
   <trkpt lat="42.371950000000005" lon="-71.24167">
    <ele>12.33</ele>
   </trkpt>
   <trkpt lat="42.37205" lon="-71.24167">
    <ele>12.38</ele>
   </trkpt>
   <trkpt lat="42.37212" lon="-71.24163">
    <ele>12.370000000000001</ele>
   </trkpt>
   <trkpt lat="42.372330000000005" lon="-71.24118">
    <ele>12.360000000000001</ele>
   </trkpt>
   <trkpt lat="42.37243" lon="-71.24105">
    <ele>12.42</ele>
   </trkpt>
   <trkpt lat="42.37252" lon="-71.24086000000001">
    <ele>12.81</ele>
   </trkpt>
   <trkpt lat="42.37268" lon="-71.24068000000001">
    <ele>12.950000000000001</ele>
   </trkpt>
   <trkpt lat="42.37276000000001" lon="-71.24046">
    <ele>12.860000000000001</ele>
   </trkpt>
   <trkpt lat="42.372800000000005" lon="-71.24016">
    <ele>12.870000000000001</ele>
   </trkpt>
   <trkpt lat="42.37313" lon="-71.23948">
    <ele>13.27</ele>
   </trkpt>
   <trkpt lat="42.373200000000004" lon="-71.23917">
    <ele>13.200000000000001</ele>
   </trkpt>
   <trkpt lat="42.37322" lon="-71.23911000000001">
    <ele>13.200000000000001</ele>
   </trkpt>
   <trkpt lat="42.37326" lon="-71.23903">
    <ele>13.18</ele>
   </trkpt>
   <trkpt lat="42.37359" lon="-71.23836">
    <ele>13.36</ele>
   </trkpt>
   <trkpt lat="42.37362" lon="-71.23819">
    <ele>13.35</ele>
   </trkpt>
   <trkpt lat="42.37366" lon="-71.23782">
    <ele>12.84</ele>
   </trkpt>
   <trkpt lat="42.373670000000004" lon="-71.23728000000001">
    <ele>12.49</ele>
   </trkpt>
   <trkpt lat="42.37362" lon="-71.23676">
    <ele>12.990000000000002</ele>
   </trkpt>
   <trkpt lat="42.37366" lon="-71.23666">
    <ele>13.120000000000001</ele>
   </trkpt>
   <trkpt lat="42.373650000000005" lon="-71.23660000000001">
    <ele>13.420000000000002</ele>
   </trkpt>
   <trkpt lat="42.373630000000006" lon="-71.23660000000001">
    <ele>13.420000000000002</ele>
   </trkpt>
   <trkpt lat="42.373610000000006" lon="-71.23639">
    <ele>13.410000000000002</ele>
   </trkpt>
   <trkpt lat="42.373650000000005" lon="-71.23613">
    <ele>12.85</ele>
   </trkpt>
   <trkpt lat="42.37355" lon="-71.23609">
    <ele>12.34</ele>
   </trkpt>
   <trkpt lat="42.37341000000001" lon="-71.23617">
    <ele>11.240000000000002</ele>
   </trkpt>
   <trkpt lat="42.37333" lon="-71.23613">
    <ele>11.240000000000002</ele>
   </trkpt>
   <trkpt lat="42.373180000000005" lon="-71.23581">
    <ele>9.72</ele>
   </trkpt>
   <trkpt lat="42.37304" lon="-71.23579000000001">
    <ele>9.55</ele>
   </trkpt>
   <trkpt lat="42.372930000000004" lon="-71.23572">
    <ele>9.49</ele>
   </trkpt>
   <trkpt lat="42.37274" lon="-71.23552000000001">
    <ele>9.55</ele>
   </trkpt>
   <trkpt lat="42.372580000000006" lon="-71.23523">
    <ele>9.860000000000001</ele>
   </trkpt>
   <trkpt lat="42.372530000000005" lon="-71.23501">
    <ele>10.22</ele>
   </trkpt>
   <trkpt lat="42.37219" lon="-71.23501">
    <ele>11.18</ele>
   </trkpt>
   <trkpt lat="42.37214" lon="-71.23488">
    <ele>11.48</ele>
   </trkpt>
   <trkpt lat="42.372220000000006" lon="-71.23451">
    <ele>11.750000000000002</ele>
   </trkpt>
   <trkpt lat="42.372130000000006" lon="-71.23402">
    <ele>11.13</ele>
   </trkpt>
   <trkpt lat="42.372350000000004" lon="-71.23393">
    <ele>10.650000000000002</ele>
   </trkpt>
   <trkpt lat="42.37238000000001" lon="-71.23388">
    <ele>10.370000000000001</ele>
   </trkpt>
   <trkpt lat="42.37248" lon="-71.23339">
    <ele>9.1</ele>
   </trkpt>
   <trkpt lat="42.372420000000005" lon="-71.23308">
    <ele>8.64</ele>
   </trkpt>
   <trkpt lat="42.37268" lon="-71.23227">
    <ele>9.74</ele>
   </trkpt>
   <trkpt lat="42.37288" lon="-71.23204000000001">
    <ele>8.96</ele>
   </trkpt>
   <trkpt lat="42.372960000000006" lon="-71.23187">
    <ele>8.57</ele>
   </trkpt>
   <trkpt lat="42.37303" lon="-71.23164">
    <ele>8.46</ele>
   </trkpt>
   <trkpt lat="42.373110000000004" lon="-71.2312">
    <ele>8.68</ele>
   </trkpt>
   <trkpt lat="42.373110000000004" lon="-71.23096000000001">
    <ele>8.540000000000001</ele>
   </trkpt>
   <trkpt lat="42.373050000000006" lon="-71.23049">
    <ele>8.3</ele>
   </trkpt>
   <trkpt lat="42.372890000000005" lon="-71.23003">
    <ele>7.69</ele>
   </trkpt>
   <trkpt lat="42.372605001221906" lon="-71.2294899974642">
    <ele>7.83</ele>
   </trkpt>
   <trkpt lat="42.37232" lon="-71.22895000000001">
    <ele>9.040000000000001</ele>
   </trkpt>
   <trkpt lat="42.37229000000001" lon="-71.22896">
    <ele>9.09</ele>
   </trkpt>
   <trkpt lat="42.37223" lon="-71.22886000000001">
    <ele>9.06</ele>
   </trkpt>
   <trkpt lat="42.372240000000005" lon="-71.22886000000001">
    <ele>9.06</ele>
   </trkpt>
   <trkpt lat="42.372150000000005" lon="-71.22865">
    <ele>8.59</ele>
   </trkpt>
   <trkpt lat="42.37201" lon="-71.22847">
    <ele>8.370000000000001</ele>
   </trkpt>
   <trkpt lat="42.37147" lon="-71.22802">
    <ele>8.38</ele>
   </trkpt>
   <trkpt lat="42.37138" lon="-71.22788">
    <ele>8.42</ele>
   </trkpt>
   <trkpt lat="42.37129" lon="-71.22766">
    <ele>8.290000000000001</ele>
   </trkpt>
   <trkpt lat="42.371140000000004" lon="-71.22721">
    <ele>7.750000000000001</ele>
   </trkpt>
   <trkpt lat="42.371100000000006" lon="-71.22697000000001">
    <ele>7.7</ele>
   </trkpt>
   <trkpt lat="42.371100000000006" lon="-71.22692">
    <ele>7.7</ele>
   </trkpt>
   <trkpt lat="42.37102" lon="-71.22664">
    <ele>7.78</ele>
   </trkpt>
   <trkpt lat="42.371" lon="-71.22633">
    <ele>7.78</ele>
   </trkpt>
   <trkpt lat="42.37095" lon="-71.22618">
    <ele>7.78</ele>
   </trkpt>
   <trkpt lat="42.37084" lon="-71.226">
    <ele>7.7700000000000005</ele>
   </trkpt>
   <trkpt lat="42.370740000000005" lon="-71.22568000000001">
    <ele>7.8900000000000015</ele>
   </trkpt>
   <trkpt lat="42.370650000000005" lon="-71.22547">
    <ele>7.8900000000000015</ele>
   </trkpt>
   <trkpt lat="42.37033" lon="-71.22512">
    <ele>7.86</ele>
   </trkpt>
   <trkpt lat="42.37001" lon="-71.22471">
    <ele>7.6000000000000005</ele>
   </trkpt>
   <trkpt lat="42.36986" lon="-71.22454">
    <ele>7.630000000000001</ele>
   </trkpt>
   <trkpt lat="42.369510000000005" lon="-71.22453">
    <ele>8.13</ele>
   </trkpt>
   <trkpt lat="42.36916" lon="-71.2243">
    <ele>8.049999999999999</ele>
   </trkpt>
   <trkpt lat="42.36901" lon="-71.22408">
    <ele>8.07</ele>
   </trkpt>
   <trkpt lat="42.368790000000004" lon="-71.22351">
    <ele>8.040000000000001</ele>
   </trkpt>
   <trkpt lat="42.36867" lon="-71.22328">
    <ele>8.31</ele>
   </trkpt>
   <trkpt lat="42.36858" lon="-71.22301">
    <ele>8.31</ele>
   </trkpt>
   <trkpt lat="42.368390000000005" lon="-71.22214000000001">
    <ele>7.44</ele>
   </trkpt>
   <trkpt lat="42.368320000000004" lon="-71.22188">
    <ele>7.12</ele>
   </trkpt>
   <trkpt lat="42.367920000000005" lon="-71.22085000000001">
    <ele>6.9</ele>
   </trkpt>
   <trkpt lat="42.36784" lon="-71.22041">
    <ele>6.66</ele>
   </trkpt>
   <trkpt lat="42.36773" lon="-71.22014">
    <ele>6.66</ele>
   </trkpt>
   <trkpt lat="42.367520000000006" lon="-71.21982000000001">
    <ele>6.61</ele>
   </trkpt>
   <trkpt lat="42.3673" lon="-71.21924">
    <ele>6.03</ele>
   </trkpt>
   <trkpt lat="42.36721" lon="-71.21910000000001">
    <ele>6.0</ele>
   </trkpt>
   <trkpt lat="42.36703000000001" lon="-71.21874000000001">
    <ele>7.0600000000000005</ele>
   </trkpt>
   <trkpt lat="42.3669" lon="-71.21843000000001">
    <ele>8.620000000000001</ele>
   </trkpt>
   <trkpt lat="42.366760000000006" lon="-71.21831">
    <ele>9.31</ele>
   </trkpt>
   <trkpt lat="42.36672" lon="-71.21821">
    <ele>9.31</ele>
   </trkpt>
   <trkpt lat="42.366710000000005" lon="-71.21812">
    <ele>9.500000000000002</ele>
   </trkpt>
   <trkpt lat="42.367290000000004" lon="-71.21794000000001">
    <ele>9.600000000000001</ele>
   </trkpt>
   <trkpt lat="42.367340000000006" lon="-71.2179">
    <ele>9.540000000000001</ele>
   </trkpt>
   <trkpt lat="42.36733" lon="-71.21786">
    <ele>9.540000000000001</ele>
   </trkpt>
   <trkpt lat="42.367200000000004" lon="-71.21773">
    <ele>8.97</ele>
   </trkpt>
   <trkpt lat="42.36712000000001" lon="-71.2176">
    <ele>7.95</ele>
   </trkpt>
   <trkpt lat="42.367020000000004" lon="-71.21736">
    <ele>7.24</ele>
   </trkpt>
   <trkpt lat="42.366960000000006" lon="-71.21709">
    <ele>6.73</ele>
   </trkpt>
   <trkpt lat="42.366910000000004" lon="-71.217">
    <ele>6.6000000000000005</ele>
   </trkpt>
   <trkpt lat="42.36677" lon="-71.21692">
    <ele>6.450000000000001</ele>
   </trkpt>
   <trkpt lat="42.366670000000006" lon="-71.21674">
    <ele>6.450000000000001</ele>
   </trkpt>
   <trkpt lat="42.36647000000001" lon="-71.21651">
    <ele>6.390000000000001</ele>
   </trkpt>
   <trkpt lat="42.36641" lon="-71.21638">
    <ele>6.450000000000001</ele>
   </trkpt>
   <trkpt lat="42.36632" lon="-71.21611">
    <ele>6.5</ele>
   </trkpt>
   <trkpt lat="42.36634" lon="-71.21575">
    <ele>6.540000000000001</ele>
   </trkpt>
   <trkpt lat="42.36619" lon="-71.21557">
    <ele>6.49</ele>
   </trkpt>
   <trkpt lat="42.365970000000004" lon="-71.21521">
    <ele>6.49</ele>
   </trkpt>
   <trkpt lat="42.36594" lon="-71.2149">
    <ele>6.450000000000001</ele>
   </trkpt>
   <trkpt lat="42.36587" lon="-71.2146">
    <ele>6.5</ele>
   </trkpt>
   <trkpt lat="42.36587" lon="-71.21441">
    <ele>6.74</ele>
   </trkpt>
   <trkpt lat="42.36569" lon="-71.21405">
    <ele>8.13</ele>
   </trkpt>
   <trkpt lat="42.3656" lon="-71.21375">
    <ele>8.38</ele>
   </trkpt>
   <trkpt lat="42.36538" lon="-71.21351">
    <ele>8.190000000000001</ele>
   </trkpt>
   <trkpt lat="42.36522" lon="-71.21329">
    <ele>8.33</ele>
   </trkpt>
   <trkpt lat="42.365140000000004" lon="-71.21312">
    <ele>8.360000000000001</ele>
   </trkpt>
   <trkpt lat="42.365120000000005" lon="-71.21301000000001">
    <ele>8.360000000000001</ele>
   </trkpt>
   <trkpt lat="42.365120000000005" lon="-71.21275">
    <ele>8.360000000000001</ele>
   </trkpt>
   <trkpt lat="42.36509" lon="-71.21270000000001">
    <ele>8.360000000000001</ele>
   </trkpt>
   <trkpt lat="42.36504" lon="-71.21266">
    <ele>8.360000000000001</ele>
   </trkpt>
   <trkpt lat="42.364520000000006" lon="-71.21289">
    <ele>7.710000000000001</ele>
   </trkpt>
   <trkpt lat="42.36439" lon="-71.21239">
    <ele>6.55</ele>
   </trkpt>
   <trkpt lat="42.36428" lon="-71.21218">
    <ele>6.390000000000001</ele>
   </trkpt>
   <trkpt lat="42.36413" lon="-71.212">
    <ele>6.620000000000001</ele>
   </trkpt>
   <trkpt lat="42.36406" lon="-71.21186">
    <ele>6.580000000000001</ele>
   </trkpt>
   <trkpt lat="42.36393" lon="-71.21151">
    <ele>6.710000000000001</ele>
   </trkpt>
   <trkpt lat="42.363820000000004" lon="-71.21109000000001">
    <ele>6.91</ele>
   </trkpt>
   <trkpt lat="42.36377" lon="-71.21064000000001">
    <ele>6.920000000000001</ele>
   </trkpt>
   <trkpt lat="42.363820000000004" lon="-71.21005000000001">
    <ele>7.150000000000001</ele>
   </trkpt>
   <trkpt lat="42.363960000000006" lon="-71.20912000000001">
    <ele>7.390000000000001</ele>
   </trkpt>
   <trkpt lat="42.36397" lon="-71.20832">
    <ele>6.6000000000000005</ele>
   </trkpt>
   <trkpt lat="42.363820000000004" lon="-71.2076">
    <ele>6.3100000000000005</ele>
   </trkpt>
   <trkpt lat="42.363760000000006" lon="-71.20747">
    <ele>6.430000000000001</ele>
   </trkpt>
   <trkpt lat="42.363690000000005" lon="-71.20707">
    <ele>7.2700000000000005</ele>
   </trkpt>
   <trkpt lat="42.36368" lon="-71.20694">
    <ele>7.2700000000000005</ele>
   </trkpt>
   <trkpt lat="42.363730000000004" lon="-71.20662">
    <ele>7.640000000000001</ele>
   </trkpt>
   <trkpt lat="42.363800000000005" lon="-71.20644">
    <ele>7.5</ele>
   </trkpt>
   <trkpt lat="42.36401" lon="-71.20635">
    <ele>6.72</ele>
   </trkpt>
   <trkpt lat="42.364090000000004" lon="-71.20626">
    <ele>6.48</ele>
   </trkpt>
   <trkpt lat="42.36431" lon="-71.20582">
    <ele>6.94</ele>
   </trkpt>
   <trkpt lat="42.364630000000005" lon="-71.20532">
    <ele>9.38</ele>
   </trkpt>
   <trkpt lat="42.36462" lon="-71.20522000000001">
    <ele>9.53</ele>
   </trkpt>
   <trkpt lat="42.364580000000004" lon="-71.20513000000001">
    <ele>9.75</ele>
   </trkpt>
   <trkpt lat="42.365080000000006" lon="-71.20457">
    <ele>8.42</ele>
   </trkpt>
   <trkpt lat="42.365170000000006" lon="-71.20451">
    <ele>8.21</ele>
   </trkpt>
   <trkpt lat="42.365230000000004" lon="-71.20451">
    <ele>8.21</ele>
   </trkpt>
   <trkpt lat="42.365320000000004" lon="-71.20434">
    <ele>8.040000000000001</ele>
   </trkpt>
   <trkpt lat="42.36529" lon="-71.20421">
    <ele>7.9300000000000015</ele>
   </trkpt>
   <trkpt lat="42.3652300034671" lon="-71.20331499894752">
    <ele>8.290000000000001</ele>
   </trkpt>
   <trkpt lat="42.365170000000006" lon="-71.20242">
    <ele>8.110000000000001</ele>
   </trkpt>
   <trkpt lat="42.365230000000004" lon="-71.20240000000001">
    <ele>8.110000000000001</ele>
   </trkpt>
   <trkpt lat="42.36544000000001" lon="-71.20187">
    <ele>6.670000000000001</ele>
   </trkpt>
   <trkpt lat="42.36565" lon="-71.20107">
    <ele>6.630000000000001</ele>
   </trkpt>
   <trkpt lat="42.36572" lon="-71.20071">
    <ele>7.88</ele>
   </trkpt>
   <trkpt lat="42.36600000000001" lon="-71.20013">
    <ele>8.17</ele>
   </trkpt>
   <trkpt lat="42.366130000000005" lon="-71.1999">
    <ele>8.14</ele>
   </trkpt>
   <trkpt lat="42.36621" lon="-71.19981">
    <ele>8.030000000000001</ele>
   </trkpt>
   <trkpt lat="42.36627" lon="-71.19977">
    <ele>7.660000000000001</ele>
   </trkpt>
   <trkpt lat="42.366600000000005" lon="-71.19923">
    <ele>5.390000000000001</ele>
   </trkpt>
   <trkpt lat="42.366780000000006" lon="-71.19896">
    <ele>4.87</ele>
   </trkpt>
   <trkpt lat="42.366980000000005" lon="-71.19843">
    <ele>5.08</ele>
   </trkpt>
   <trkpt lat="42.36697" lon="-71.19811">
    <ele>5.68</ele>
   </trkpt>
   <trkpt lat="42.36695" lon="-71.19797000000001">
    <ele>5.68</ele>
   </trkpt>
   <trkpt lat="42.366910000000004" lon="-71.1978">
    <ele>5.64</ele>
   </trkpt>
   <trkpt lat="42.366760000000006" lon="-71.19743000000001">
    <ele>5.68</ele>
   </trkpt>
   <trkpt lat="42.36672" lon="-71.19727">
    <ele>5.68</ele>
   </trkpt>
   <trkpt lat="42.366670000000006" lon="-71.19685000000001">
    <ele>5.61</ele>
   </trkpt>
   <trkpt lat="42.366710000000005" lon="-71.19654">
    <ele>5.49</ele>
   </trkpt>
   <trkpt lat="42.366960000000006" lon="-71.19595000000001">
    <ele>4.69</ele>
   </trkpt>
   <trkpt lat="42.367110000000004" lon="-71.19569">
    <ele>4.3500000000000005</ele>
   </trkpt>
   <trkpt lat="42.367110000000004" lon="-71.1956">
    <ele>4.3100000000000005</ele>
   </trkpt>
   <trkpt lat="42.366910000000004" lon="-71.1952">
    <ele>4.46</ele>
   </trkpt>
   <trkpt lat="42.36648" lon="-71.19462">
    <ele>4.36</ele>
   </trkpt>
   <trkpt lat="42.36616" lon="-71.19430000000001">
    <ele>4.5200000000000005</ele>
   </trkpt>
   <trkpt lat="42.366020000000006" lon="-71.19409">
    <ele>4.430000000000001</ele>
   </trkpt>
   <trkpt lat="42.365930000000006" lon="-71.19386">
    <ele>4.430000000000001</ele>
   </trkpt>
   <trkpt lat="42.365770000000005" lon="-71.19337">
    <ele>4.49</ele>
   </trkpt>
   <trkpt lat="42.36567" lon="-71.1931">
    <ele>4.34</ele>
   </trkpt>
   <trkpt lat="42.365610000000004" lon="-71.19301">
    <ele>4.24</ele>
   </trkpt>
   <trkpt lat="42.36538" lon="-71.19273000000001">
    <ele>3.99</ele>
   </trkpt>
   <trkpt lat="42.36524" lon="-71.1926">
    <ele>3.94</ele>
   </trkpt>
   <trkpt lat="42.364850000000004" lon="-71.19237000000001">
    <ele>4.03</ele>
   </trkpt>
   <trkpt lat="42.36477" lon="-71.19229">
    <ele>4.28</ele>
   </trkpt>
   <trkpt lat="42.364700000000006" lon="-71.19211">
    <ele>4.62</ele>
   </trkpt>
   <trkpt lat="42.364650000000005" lon="-71.19193">
    <ele>4.83</ele>
   </trkpt>
   <trkpt lat="42.364610000000006" lon="-71.19163">
    <ele>5.15</ele>
   </trkpt>
   <trkpt lat="42.364520000000006" lon="-71.19144">
    <ele>5.66</ele>
   </trkpt>
   <trkpt lat="42.364670000000004" lon="-71.19058000000001">
    <ele>5.68</ele>
   </trkpt>
   <trkpt lat="42.364700000000006" lon="-71.19019">
    <ele>5.64</ele>
   </trkpt>
   <trkpt lat="42.36469" lon="-71.18929">
    <ele>5.42</ele>
   </trkpt>
   <trkpt lat="42.364670000000004" lon="-71.18916">
    <ele>5.410000000000001</ele>
   </trkpt>
   <trkpt lat="42.36471" lon="-71.18826">
    <ele>4.48</ele>
   </trkpt>
   <trkpt lat="42.364700000000006" lon="-71.18799">
    <ele>4.34</ele>
   </trkpt>
   <trkpt lat="42.36464" lon="-71.18764">
    <ele>4.08</ele>
   </trkpt>
   <trkpt lat="42.36466" lon="-71.18748000000001">
    <ele>4.07</ele>
   </trkpt>
   <trkpt lat="42.36462" lon="-71.18727000000001">
    <ele>4.07</ele>
   </trkpt>
   <trkpt lat="42.364560000000004" lon="-71.1862">
    <ele>4.68</ele>
   </trkpt>
   <trkpt lat="42.364560000000004" lon="-71.18611">
    <ele>4.99</ele>
   </trkpt>
   <trkpt lat="42.3646" lon="-71.18598">
    <ele>5.07</ele>
   </trkpt>
   <trkpt lat="42.36448" lon="-71.18567">
    <ele>5.42</ele>
   </trkpt>
   <trkpt lat="42.36449" lon="-71.18567">
    <ele>5.42</ele>
   </trkpt>
   <trkpt lat="42.36441000000001" lon="-71.18531">
    <ele>4.79</ele>
   </trkpt>
   <trkpt lat="42.364250000000006" lon="-71.18495">
    <ele>3.98</ele>
   </trkpt>
   <trkpt lat="42.364090000000004" lon="-71.18469">
    <ele>3.6400000000000006</ele>
   </trkpt>
   <trkpt lat="42.36379" lon="-71.18441">
    <ele>3.2700000000000005</ele>
   </trkpt>
   <trkpt lat="42.36343" lon="-71.18418000000001">
    <ele>3.2600000000000002</ele>
   </trkpt>
   <trkpt lat="42.363020000000006" lon="-71.18396">
    <ele>3.2800000000000002</ele>
   </trkpt>
   <trkpt lat="42.362390000000005" lon="-71.18374">
    <ele>3.7800000000000002</ele>
   </trkpt>
   <trkpt lat="42.36193" lon="-71.18363000000001">
    <ele>4.17</ele>
   </trkpt>
   <trkpt lat="42.36151" lon="-71.18357">
    <ele>4.34</ele>
   </trkpt>
   <trkpt lat="42.361320000000006" lon="-71.18352">
    <ele>4.3500000000000005</ele>
   </trkpt>
   <trkpt lat="42.361110000000004" lon="-71.18342000000001">
    <ele>4.34</ele>
   </trkpt>
   <trkpt lat="42.36088" lon="-71.1832">
    <ele>4.17</ele>
   </trkpt>
   <trkpt lat="42.36068" lon="-71.18293">
    <ele>4.16</ele>
   </trkpt>
   <trkpt lat="42.360580000000006" lon="-71.18271">
    <ele>4.180000000000001</ele>
   </trkpt>
   <trkpt lat="42.36036500188366" lon="-71.18206499802135">
    <ele>4.86</ele>
   </trkpt>
   <trkpt lat="42.360150000000004" lon="-71.18142">
    <ele>5.0200000000000005</ele>
   </trkpt>
   <trkpt lat="42.35987" lon="-71.18079">
    <ele>4.96</ele>
   </trkpt>
   <trkpt lat="42.359790000000004" lon="-71.18056">
    <ele>4.750000000000001</ele>
   </trkpt>
   <trkpt lat="42.359630001423355" lon="-71.1799849984886">
    <ele>4.29</ele>
   </trkpt>
   <trkpt lat="42.35947" lon="-71.17941">
    <ele>3.7800000000000002</ele>
   </trkpt>
   <trkpt lat="42.35947" lon="-71.17942000000001">
    <ele>3.7900000000000005</ele>
   </trkpt>
   <trkpt lat="42.35928500198622" lon="-71.17873999791414">
    <ele>3.3200000000000003</ele>
   </trkpt>
   <trkpt lat="42.359100000000005" lon="-71.17806">
    <ele>3.62</ele>
   </trkpt>
   <trkpt lat="42.35902" lon="-71.17765">
    <ele>4.08</ele>
   </trkpt>
   <trkpt lat="42.35894000175533" lon="-71.17701999944117">
    <ele>4.24</ele>
   </trkpt>
   <trkpt lat="42.35886" lon="-71.17639000000001">
    <ele>4.220000000000001</ele>
   </trkpt>
   <trkpt lat="42.358760000000004" lon="-71.17591">
    <ele>4.16</ele>
   </trkpt>
   <trkpt lat="42.35850000000001" lon="-71.17483">
    <ele>3.7600000000000002</ele>
   </trkpt>
   <trkpt lat="42.358430000000006" lon="-71.17444">
    <ele>3.8200000000000003</ele>
   </trkpt>
   <trkpt lat="42.35835" lon="-71.17375000000001">
    <ele>3.86</ele>
   </trkpt>
   <trkpt lat="42.35831" lon="-71.17308">
    <ele>3.920000000000001</ele>
   </trkpt>
   <trkpt lat="42.35831" lon="-71.17274">
    <ele>3.920000000000001</ele>
   </trkpt>
   <trkpt lat="42.35824667829704" lon="-71.17158333108937">
    <ele>3.920000000000001</ele>
   </trkpt>
   <trkpt lat="42.3581833449685" lon="-71.17042666451005">
    <ele>4.0</ele>
   </trkpt>
   <trkpt lat="42.35812000000001" lon="-71.16927000000001">
    <ele>3.85</ele>
   </trkpt>
   <trkpt lat="42.35809334011524" lon="-71.16838666597073">
    <ele>3.8100000000000005</ele>
   </trkpt>
   <trkpt lat="42.358066673450196" lon="-71.16750333269106">
    <ele>3.85</ele>
   </trkpt>
   <trkpt lat="42.35804" lon="-71.16662000000001">
    <ele>3.58</ele>
   </trkpt>
   <trkpt lat="42.35803500479019" lon="-71.1655699999302">
    <ele>3.58</ele>
   </trkpt>
   <trkpt lat="42.35803000000001" lon="-71.16452000000001">
    <ele>3.6300000000000003</ele>
   </trkpt>
   <trkpt lat="42.35801" lon="-71.1635">
    <ele>3.6300000000000003</ele>
   </trkpt>
   <trkpt lat="42.35803000000001" lon="-71.16288">
    <ele>3.6600000000000006</ele>
   </trkpt>
   <trkpt lat="42.358070000000005" lon="-71.16234">
    <ele>3.67</ele>
   </trkpt>
   <trkpt lat="42.35813" lon="-71.16208">
    <ele>3.89</ele>
   </trkpt>
   <trkpt lat="42.35826" lon="-71.16171">
    <ele>4.260000000000001</ele>
   </trkpt>
   <trkpt lat="42.35855" lon="-71.16118">
    <ele>5.03</ele>
   </trkpt>
   <trkpt lat="42.35859000000001" lon="-71.16113">
    <ele>5.44</ele>
   </trkpt>
   <trkpt lat="42.358630000000005" lon="-71.16113">
    <ele>5.44</ele>
   </trkpt>
   <trkpt lat="42.35884" lon="-71.16094000000001">
    <ele>5.65</ele>
   </trkpt>
   <trkpt lat="42.35886" lon="-71.16105">
    <ele>5.7</ele>
   </trkpt>
   <trkpt lat="42.359260000000006" lon="-71.16195">
    <ele>5.13</ele>
   </trkpt>
   <trkpt lat="42.35931" lon="-71.16199">
    <ele>5.13</ele>
   </trkpt>
   <trkpt lat="42.359350000000006" lon="-71.16199">
    <ele>5.13</ele>
   </trkpt>
   <trkpt lat="42.359350000000006" lon="-71.16193000000001">
    <ele>5.13</ele>
   </trkpt>
   <trkpt lat="42.35942" lon="-71.16184000000001">
    <ele>5.13</ele>
   </trkpt>
   <trkpt lat="42.359550000000006" lon="-71.1615">
    <ele>3.7600000000000002</ele>
   </trkpt>
   <trkpt lat="42.359640000000006" lon="-71.16122">
    <ele>3.6500000000000004</ele>
   </trkpt>
   <trkpt lat="42.359820000000006" lon="-71.16082">
    <ele>3.8000000000000003</ele>
   </trkpt>
   <trkpt lat="42.35985" lon="-71.16077">
    <ele>3.74</ele>
   </trkpt>
   <trkpt lat="42.35994" lon="-71.16069">
    <ele>3.74</ele>
   </trkpt>
   <trkpt lat="42.36001" lon="-71.16055">
    <ele>3.5100000000000002</ele>
   </trkpt>
   <trkpt lat="42.36027000000001" lon="-71.15969000000001">
    <ele>3.34</ele>
   </trkpt>
   <trkpt lat="42.360310000000005" lon="-71.15943">
    <ele>3.34</ele>
   </trkpt>
   <trkpt lat="42.360310000000005" lon="-71.15916">
    <ele>3.47</ele>
   </trkpt>
   <trkpt lat="42.36043" lon="-71.15818">
    <ele>4.51</ele>
   </trkpt>
   <trkpt lat="42.360510000000005" lon="-71.15791">
    <ele>4.61</ele>
   </trkpt>
   <trkpt lat="42.360530000000004" lon="-71.15768">
    <ele>4.69</ele>
   </trkpt>
   <trkpt lat="42.36054" lon="-71.15679">
    <ele>4.2700000000000005</ele>
   </trkpt>
   <trkpt lat="42.3605" lon="-71.15634">
    <ele>3.96</ele>
   </trkpt>
   <trkpt lat="42.36055" lon="-71.15635">
    <ele>3.8100000000000005</ele>
   </trkpt>
   <trkpt lat="42.36059" lon="-71.15697">
    <ele>4.29</ele>
   </trkpt>
   <trkpt lat="42.36054" lon="-71.15697">
    <ele>4.2700000000000005</ele>
   </trkpt>
   <trkpt lat="42.36054" lon="-71.15679">
    <ele>4.2700000000000005</ele>
   </trkpt>
   <trkpt lat="42.36045" lon="-71.15571">
    <ele>3.6400000000000006</ele>
   </trkpt>
   <trkpt lat="42.36046" lon="-71.15495">
    <ele>3.0500000000000003</ele>
   </trkpt>
   <trkpt lat="42.360530000000004" lon="-71.15447">
    <ele>3.1300000000000003</ele>
   </trkpt>
   <trkpt lat="42.36075" lon="-71.15379">
    <ele>3.0</ele>
   </trkpt>
   <trkpt lat="42.36104" lon="-71.15312">
    <ele>2.9800000000000004</ele>
   </trkpt>
   <trkpt lat="42.361050000000006" lon="-71.15298">
    <ele>2.9600000000000004</ele>
   </trkpt>
   <trkpt lat="42.36135" lon="-71.15245">
    <ele>3.2700000000000005</ele>
   </trkpt>
   <trkpt lat="42.36133" lon="-71.15222">
    <ele>3.08</ele>
   </trkpt>
   <trkpt lat="42.36124" lon="-71.152">
    <ele>3.0</ele>
   </trkpt>
   <trkpt lat="42.361230000000006" lon="-71.15186">
    <ele>3.0</ele>
   </trkpt>
   <trkpt lat="42.36133500461905" lon="-71.150830001627">
    <ele>2.8100000000000005</ele>
   </trkpt>
   <trkpt lat="42.36144" lon="-71.1498">
    <ele>3.1500000000000004</ele>
   </trkpt>
   <trkpt lat="42.36149" lon="-71.14962">
    <ele>3.23</ele>
   </trkpt>
   <trkpt lat="42.361540000000005" lon="-71.14958">
    <ele>3.23</ele>
   </trkpt>
   <trkpt lat="42.36162" lon="-71.14954">
    <ele>3.25</ele>
   </trkpt>
   <trkpt lat="42.36169" lon="-71.1494">
    <ele>3.25</ele>
   </trkpt>
   <trkpt lat="42.36173" lon="-71.1491">
    <ele>3.47</ele>
   </trkpt>
   <trkpt lat="42.36182" lon="-71.14901">
    <ele>3.49</ele>
   </trkpt>
   <trkpt lat="42.361850000000004" lon="-71.14895">
    <ele>3.49</ele>
   </trkpt>
   <trkpt lat="42.36193" lon="-71.14889000000001">
    <ele>3.4800000000000004</ele>
   </trkpt>
   <trkpt lat="42.362190000000005" lon="-71.14854000000001">
    <ele>3.6</ele>
   </trkpt>
   <trkpt lat="42.362230000000004" lon="-71.14846">
    <ele>3.75</ele>
   </trkpt>
   <trkpt lat="42.36222" lon="-71.14837">
    <ele>3.75</ele>
   </trkpt>
   <trkpt lat="42.362300000000005" lon="-71.14834">
    <ele>3.86</ele>
   </trkpt>
   <trkpt lat="42.36269" lon="-71.14788">
    <ele>4.0200000000000005</ele>
   </trkpt>
   <trkpt lat="42.363220002570294" lon="-71.14734334231932">
    <ele>3.7600000000000002</ele>
   </trkpt>
   <trkpt lat="42.36375000263792" lon="-71.14680667558432">
    <ele>3.33</ele>
   </trkpt>
   <trkpt lat="42.36428" lon="-71.14627">
    <ele>3.1</ele>
   </trkpt>
   <trkpt lat="42.36477" lon="-71.14564">
    <ele>3.17</ele>
   </trkpt>
   <trkpt lat="42.365120000000005" lon="-71.1451">
    <ele>2.87</ele>
   </trkpt>
   <trkpt lat="42.365370000000006" lon="-71.14448">
    <ele>2.82</ele>
   </trkpt>
   <trkpt lat="42.36544000000001" lon="-71.14417">
    <ele>2.9800000000000004</ele>
   </trkpt>
   <trkpt lat="42.365500000000004" lon="-71.14358">
    <ele>2.87</ele>
   </trkpt>
   <trkpt lat="42.36545" lon="-71.14296">
    <ele>2.97</ele>
   </trkpt>
   <trkpt lat="42.365285002233946" lon="-71.14223999802854">
    <ele>3.3800000000000003</ele>
   </trkpt>
   <trkpt lat="42.365120000000005" lon="-71.14152">
    <ele>3.2</ele>
   </trkpt>
   <trkpt lat="42.364920000000005" lon="-71.14049">
    <ele>3.5100000000000002</ele>
   </trkpt>
   <trkpt lat="42.36491" lon="-71.14028">
    <ele>3.5100000000000002</ele>
   </trkpt>
   <trkpt lat="42.36497000000001" lon="-71.14">
    <ele>3.4200000000000004</ele>
   </trkpt>
   <trkpt lat="42.36502" lon="-71.13986">
    <ele>3.4400000000000004</ele>
   </trkpt>
   <trkpt lat="42.36522" lon="-71.13956">
    <ele>3.5500000000000003</ele>
   </trkpt>
   <trkpt lat="42.36535000000001" lon="-71.13928">
    <ele>3.3100000000000005</ele>
   </trkpt>
   <trkpt lat="42.36545" lon="-71.13914000000001">
    <ele>3.25</ele>
   </trkpt>
   <trkpt lat="42.365770000000005" lon="-71.13879">
    <ele>3.1100000000000003</ele>
   </trkpt>
   <trkpt lat="42.36616" lon="-71.13825">
    <ele>2.5500000000000003</ele>
   </trkpt>
   <trkpt lat="42.36657" lon="-71.13785">
    <ele>2.54</ele>
   </trkpt>
   <trkpt lat="42.367200000000004" lon="-71.137">
    <ele>2.67</ele>
   </trkpt>
   <trkpt lat="42.36748" lon="-71.13652">
    <ele>2.7800000000000002</ele>
   </trkpt>
   <trkpt lat="42.36788000000001" lon="-71.13573000000001">
    <ele>2.9899999999999998</ele>
   </trkpt>
   <trkpt lat="42.368080000000006" lon="-71.13548">
    <ele>3.35</ele>
   </trkpt>
   <trkpt lat="42.36842" lon="-71.13508">
    <ele>3.37</ele>
   </trkpt>
   <trkpt lat="42.36892" lon="-71.13467">
    <ele>3.12</ele>
   </trkpt>
   <trkpt lat="42.369220000000006" lon="-71.13449">
    <ele>3.0500000000000003</ele>
   </trkpt>
   <trkpt lat="42.36937" lon="-71.13445">
    <ele>3.0500000000000003</ele>
   </trkpt>
   <trkpt lat="42.36995" lon="-71.13431">
    <ele>2.84</ele>
   </trkpt>
   <trkpt lat="42.37012" lon="-71.13422">
    <ele>2.9400000000000004</ele>
   </trkpt>
   <trkpt lat="42.370270000000005" lon="-71.13409">
    <ele>2.9400000000000004</ele>
   </trkpt>
   <trkpt lat="42.370360000000005" lon="-71.13396">
    <ele>2.9400000000000004</ele>
   </trkpt>
   <trkpt lat="42.370720000000006" lon="-71.13306">
    <ele>2.9899999999999998</ele>
   </trkpt>
   <trkpt lat="42.37078" lon="-71.13302">
    <ele>2.95</ele>
   </trkpt>
   <trkpt lat="42.370850000000004" lon="-71.13301">
    <ele>2.95</ele>
   </trkpt>
   <trkpt lat="42.37095" lon="-71.13306">
    <ele>2.9600000000000004</ele>
   </trkpt>
   <trkpt lat="42.37158" lon="-71.13355">
    <ele>2.25</ele>
   </trkpt>
   <trkpt lat="42.371640000000006" lon="-71.13364">
    <ele>2.4200000000000004</ele>
   </trkpt>
   <trkpt lat="42.371640000000006" lon="-71.13409">
    <ele>3.2</ele>
   </trkpt>
   <trkpt lat="42.371550000000006" lon="-71.13427">
    <ele>3.2</ele>
   </trkpt>
   <trkpt lat="42.37163" lon="-71.13436">
    <ele>3.33</ele>
   </trkpt>
   <trkpt lat="42.37183" lon="-71.13449">
    <ele>3.6400000000000006</ele>
   </trkpt>
   <trkpt lat="42.371880000000004" lon="-71.13449">
    <ele>3.6400000000000006</ele>
   </trkpt>
   <trkpt lat="42.372060000000005" lon="-71.13445">
    <ele>3.94</ele>
   </trkpt>
   <trkpt lat="42.37218" lon="-71.13436">
    <ele>3.99</ele>
   </trkpt>
   <trkpt lat="42.37265" lon="-71.13392">
    <ele>4.5</ele>
   </trkpt>
   <trkpt lat="42.3727" lon="-71.13401">
    <ele>4.580000000000001</ele>
   </trkpt>
   <trkpt lat="42.373180000000005" lon="-71.13358000000001">
    <ele>4.69</ele>
   </trkpt>
   <trkpt lat="42.37351" lon="-71.13324">
    <ele>4.53</ele>
   </trkpt>
   <trkpt lat="42.373850000000004" lon="-71.13283000000001">
    <ele>4.050000000000001</ele>
   </trkpt>
   <trkpt lat="42.374050000000004" lon="-71.13252">
    <ele>3.8800000000000003</ele>
   </trkpt>
   <trkpt lat="42.374280000000006" lon="-71.13199">
    <ele>3.95</ele>
   </trkpt>
   <trkpt lat="42.374460000000006" lon="-71.13113">
    <ele>3.8100000000000005</ele>
   </trkpt>
   <trkpt lat="42.37451" lon="-71.13069">
    <ele>3.6400000000000006</ele>
   </trkpt>
   <trkpt lat="42.37453" lon="-71.13028">
    <ele>3.5700000000000003</ele>
   </trkpt>
   <trkpt lat="42.37451" lon="-71.12983000000001">
    <ele>3.45</ele>
   </trkpt>
   <trkpt lat="42.37447" lon="-71.12939">
    <ele>3.36</ele>
   </trkpt>
   <trkpt lat="42.374390000000005" lon="-71.12895">
    <ele>3.22</ele>
   </trkpt>
   <trkpt lat="42.374280000000006" lon="-71.12854">
    <ele>3.1</ele>
   </trkpt>
   <trkpt lat="42.37415" lon="-71.12814">
    <ele>3.02</ele>
   </trkpt>
   <trkpt lat="42.37404" lon="-71.12792">
    <ele>3.0300000000000002</ele>
   </trkpt>
   <trkpt lat="42.37404" lon="-71.12791">
    <ele>3.0300000000000002</ele>
   </trkpt>
   <trkpt lat="42.37376000119468" lon="-71.12737499752129">
    <ele>3.3800000000000003</ele>
   </trkpt>
   <trkpt lat="42.37348" lon="-71.12684">
    <ele>3.8400000000000003</ele>
   </trkpt>
   <trkpt lat="42.37339" lon="-71.12695000000001">
    <ele>3.6600000000000006</ele>
   </trkpt>
   <trkpt lat="42.37306" lon="-71.12643">
    <ele>3.69</ele>
   </trkpt>
   <trkpt lat="42.372640000000004" lon="-71.12585">
    <ele>3.2900000000000005</ele>
   </trkpt>
   <trkpt lat="42.372150000000005" lon="-71.12527">
    <ele>3.17</ele>
   </trkpt>
   <trkpt lat="42.37156" lon="-71.12473">
    <ele>2.85</ele>
   </trkpt>
   <trkpt lat="42.371190000000006" lon="-71.12446">
    <ele>2.9000000000000004</ele>
   </trkpt>
   <trkpt lat="42.37091" lon="-71.12429">
    <ele>2.9200000000000004</ele>
   </trkpt>
   <trkpt lat="42.370720000000006" lon="-71.12415">
    <ele>3.2</ele>
   </trkpt>
   <trkpt lat="42.37026" lon="-71.12366">
    <ele>3.02</ele>
   </trkpt>
   <trkpt lat="42.370000000000005" lon="-71.1233">
    <ele>3.02</ele>
   </trkpt>
   <trkpt lat="42.369780000000006" lon="-71.12281">
    <ele>3.45</ele>
   </trkpt>
   <trkpt lat="42.369670000000006" lon="-71.12245">
    <ele>3.43</ele>
   </trkpt>
   <trkpt lat="42.369640000000004" lon="-71.12219">
    <ele>3.2900000000000005</ele>
   </trkpt>
   <trkpt lat="42.36961" lon="-71.12183">
    <ele>3.19</ele>
   </trkpt>
   <trkpt lat="42.369640000000004" lon="-71.12119000000001">
    <ele>3.24</ele>
   </trkpt>
   <trkpt lat="42.369730000000004" lon="-71.12013">
    <ele>3.49</ele>
   </trkpt>
   <trkpt lat="42.369730000000004" lon="-71.11972">
    <ele>3.3800000000000003</ele>
   </trkpt>
   <trkpt lat="42.36965" lon="-71.11888">
    <ele>3.47</ele>
   </trkpt>
   <trkpt lat="42.36954" lon="-71.11832000000001">
    <ele>3.47</ele>
   </trkpt>
   <trkpt lat="42.36943" lon="-71.11802">
    <ele>3.4400000000000004</ele>
   </trkpt>
   <trkpt lat="42.36929000000001" lon="-71.1177">
    <ele>3.4600000000000004</ele>
   </trkpt>
   <trkpt lat="42.369130000000006" lon="-71.11744">
    <ele>3.5500000000000003</ele>
   </trkpt>
   <trkpt lat="42.3688" lon="-71.11709">
    <ele>3.69</ele>
   </trkpt>
   <trkpt lat="42.368430000000004" lon="-71.11685">
    <ele>3.69</ele>
   </trkpt>
   <trkpt lat="42.36786" lon="-71.11654">
    <ele>3.58</ele>
   </trkpt>
   <trkpt lat="42.36741500038568" lon="-71.11635999882397">
    <ele>3.3800000000000003</ele>
   </trkpt>
   <trkpt lat="42.36697" lon="-71.11618">
    <ele>3.37</ele>
   </trkpt>
   <trkpt lat="42.36672" lon="-71.11614">
    <ele>3.3800000000000003</ele>
   </trkpt>
   <trkpt lat="42.36616" lon="-71.11605">
    <ele>3.36</ele>
   </trkpt>
   <trkpt lat="42.3659" lon="-71.11605">
    <ele>3.3200000000000003</ele>
   </trkpt>
   <trkpt lat="42.36543500019042" lon="-71.1160950003155">
    <ele>3.21</ele>
   </trkpt>
   <trkpt lat="42.36497000000001" lon="-71.11614">
    <ele>4.28</ele>
   </trkpt>
   <trkpt lat="42.36455" lon="-71.11615">
    <ele>4.970000000000001</ele>
   </trkpt>
   <trkpt lat="42.36422" lon="-71.11623">
    <ele>5.32</ele>
   </trkpt>
   <trkpt lat="42.363593333374695" lon="-71.11623">
    <ele>3.4000000000000004</ele>
   </trkpt>
   <trkpt lat="42.36296666674939" lon="-71.11623">
    <ele>3.1400000000000006</ele>
   </trkpt>
   <trkpt lat="42.36234" lon="-71.11623">
    <ele>3.3000000000000003</ele>
   </trkpt>
   <trkpt lat="42.36157" lon="-71.11614">
    <ele>4.25</ele>
   </trkpt>
   <trkpt lat="42.36151" lon="-71.11615">
    <ele>4.3</ele>
   </trkpt>
   <trkpt lat="42.361340000000006" lon="-71.11609">
    <ele>4.260000000000001</ele>
   </trkpt>
   <trkpt lat="42.361320000000006" lon="-71.11612000000001">
    <ele>4.260000000000001</ele>
   </trkpt>
   <trkpt lat="42.361270000000005" lon="-71.11606">
    <ele>3.7800000000000002</ele>
   </trkpt>
   <trkpt lat="42.36048666679538" lon="-71.11595333067785">
    <ele>3.3200000000000003</ele>
   </trkpt>
   <trkpt lat="42.35970333349188" lon="-71.1158466640153">
    <ele>3.39</ele>
   </trkpt>
   <trkpt lat="42.358920000000005" lon="-71.11574">
    <ele>3.0500000000000003</ele>
   </trkpt>
   <trkpt lat="42.35844" lon="-71.11564">
    <ele>2.9400000000000004</ele>
   </trkpt>
   <trkpt lat="42.35764" lon="-71.11542">
    <ele>2.9000000000000004</ele>
   </trkpt>
   <trkpt lat="42.357380000000006" lon="-71.11529">
    <ele>3.1400000000000006</ele>
   </trkpt>
   <trkpt lat="42.35699" lon="-71.11505000000001">
    <ele>3.12</ele>
   </trkpt>
   <trkpt lat="42.35665" lon="-71.11478000000001">
    <ele>3.43</ele>
   </trkpt>
   <trkpt lat="42.356300000000005" lon="-71.11442000000001">
    <ele>3.8000000000000003</ele>
   </trkpt>
   <trkpt lat="42.35605" lon="-71.11408">
    <ele>3.8300000000000005</ele>
   </trkpt>
   <trkpt lat="42.35573" lon="-71.11359">
    <ele>3.52</ele>
   </trkpt>
   <trkpt lat="42.355270000000004" lon="-71.11304000000001">
    <ele>3.3000000000000003</ele>
   </trkpt>
   <trkpt lat="42.35498000134687" lon="-71.11250499772183">
    <ele>3.47</ele>
   </trkpt>
   <trkpt lat="42.354690000000005" lon="-71.11197">
    <ele>3.4800000000000004</ele>
   </trkpt>
   <trkpt lat="42.3545" lon="-71.11171">
    <ele>3.73</ele>
   </trkpt>
   <trkpt lat="42.35399" lon="-71.11121">
    <ele>4.66</ele>
   </trkpt>
   <trkpt lat="42.353640000000006" lon="-71.11068">
    <ele>7.08</ele>
   </trkpt>
   <trkpt lat="42.35369" lon="-71.11059">
    <ele>7.19</ele>
   </trkpt>
   <trkpt lat="42.35369" lon="-71.1105">
    <ele>7.25</ele>
   </trkpt>
   <trkpt lat="42.35365" lon="-71.11032">
    <ele>7.34</ele>
   </trkpt>
   <trkpt lat="42.353660000000005" lon="-71.1101">
    <ele>7.48</ele>
   </trkpt>
   <trkpt lat="42.35353500184873" lon="-71.10944499861728">
    <ele>9.040000000000001</ele>
   </trkpt>
   <trkpt lat="42.353410000000004" lon="-71.10879">
    <ele>8.790000000000001</ele>
   </trkpt>
   <trkpt lat="42.3534" lon="-71.10799">
    <ele>6.450000000000001</ele>
   </trkpt>
   <trkpt lat="42.353350000000006" lon="-71.10695000000001">
    <ele>3.8000000000000003</ele>
   </trkpt>
   <trkpt lat="42.35337500177428" lon="-71.1063100003906">
    <ele>3.56</ele>
   </trkpt>
   <trkpt lat="42.3534" lon="-71.10567">
    <ele>3.3000000000000003</ele>
   </trkpt>
   <trkpt lat="42.353460000000005" lon="-71.10473">
    <ele>3.2800000000000002</ele>
   </trkpt>
   <trkpt lat="42.35354" lon="-71.10419">
    <ele>3.33</ele>
   </trkpt>
   <trkpt lat="42.3537" lon="-71.10346000000001">
    <ele>3.71</ele>
   </trkpt>
   <trkpt lat="42.35403000869971" lon="-71.10246001047047">
    <ele>3.6</ele>
   </trkpt>
   <trkpt lat="42.35436000871004" lon="-71.10146001043934">
    <ele>3.7700000000000005</ele>
   </trkpt>
   <trkpt lat="42.354690000000005" lon="-71.10046000000001">
    <ele>3.5900000000000003</ele>
   </trkpt>
   <trkpt lat="42.354820000000004" lon="-71.09989">
    <ele>3.41</ele>
   </trkpt>
   <trkpt lat="42.355000000000004" lon="-71.09879000000001">
    <ele>3.2600000000000002</ele>
   </trkpt>
   <trkpt lat="42.35508" lon="-71.09845">
    <ele>3.4200000000000004</ele>
   </trkpt>
   <trkpt lat="42.355340000000005" lon="-71.09765">
    <ele>3.3200000000000003</ele>
   </trkpt>
   <trkpt lat="42.355380000000004" lon="-71.09739">
    <ele>3.2</ele>
   </trkpt>
   <trkpt lat="42.3556" lon="-71.09675">
    <ele>3.3000000000000003</ele>
   </trkpt>
   <trkpt lat="42.35569" lon="-71.09662">
    <ele>3.3000000000000003</ele>
   </trkpt>
   <trkpt lat="42.35606001064147" lon="-71.09551334636657">
    <ele>3.3800000000000003</ele>
   </trkpt>
   <trkpt lat="42.35643001064095" lon="-71.09440667970176">
    <ele>3.39</ele>
   </trkpt>
   <trkpt lat="42.35680000000001" lon="-71.0933">
    <ele>3.62</ele>
   </trkpt>
   <trkpt lat="42.35689" lon="-71.09291">
    <ele>4.23</ele>
   </trkpt>
   <trkpt lat="42.35698" lon="-71.09268">
    <ele>4.33</ele>
   </trkpt>
   <trkpt lat="42.35707" lon="-71.09239000000001">
    <ele>3.8000000000000003</ele>
   </trkpt>
   <trkpt lat="42.35712" lon="-71.09213000000001">
    <ele>3.43</ele>
   </trkpt>
   <trkpt lat="42.35739667270937" lon="-71.09129667397949">
    <ele>2.84</ele>
   </trkpt>
   <trkpt lat="42.35767333938437" lon="-71.09046334062114">
    <ele>2.83</ele>
   </trkpt>
   <trkpt lat="42.35795" lon="-71.08963">
    <ele>2.7</ele>
   </trkpt>
   <trkpt lat="42.357960000000006" lon="-71.0896">
    <ele>2.7</ele>
   </trkpt>
   <trkpt lat="42.35825500340885" lon="-71.08872000399923">
    <ele>2.72</ele>
   </trkpt>
   <trkpt lat="42.35855" lon="-71.08784">
    <ele>2.68</ele>
   </trkpt>
   <trkpt lat="42.3586" lon="-71.08787000000001">
    <ele>2.75</ele>
   </trkpt>
   <trkpt lat="42.358920000000005" lon="-71.08694000000001">
    <ele>2.72</ele>
   </trkpt>
   <trkpt lat="42.35919250910482" lon="-71.08610501081144">
    <ele>2.69</ele>
   </trkpt>
   <trkpt lat="42.35946501215114" lon="-71.08527001438057">
    <ele>2.69</ele>
   </trkpt>
   <trkpt lat="42.359737509138846" lon="-71.08443501070747">
    <ele>2.9200000000000004</ele>
   </trkpt>
   <trkpt lat="42.36001" lon="-71.0836">
    <ele>2.7600000000000002</ele>
   </trkpt>
   <trkpt lat="42.360040000000005" lon="-71.08341">
    <ele>2.71</ele>
   </trkpt>
   <trkpt lat="42.36023" lon="-71.08283">
    <ele>2.68</ele>
   </trkpt>
   <trkpt lat="42.36056000000001" lon="-71.08187000000001">
    <ele>2.71</ele>
   </trkpt>
   <trkpt lat="42.360620000000004" lon="-71.08165000000001">
    <ele>2.66</ele>
   </trkpt>
   <trkpt lat="42.360670000000006" lon="-71.08117">
    <ele>2.9000000000000004</ele>
   </trkpt>
   <trkpt lat="42.36066500192035" lon="-71.08050499980904">
    <ele>3.41</ele>
   </trkpt>
   <trkpt lat="42.36066" lon="-71.07984">
    <ele>4.050000000000001</ele>
   </trkpt>
   <trkpt lat="42.36068" lon="-71.0796">
    <ele>4.0200000000000005</ele>
   </trkpt>
   <trkpt lat="42.36072" lon="-71.07942">
    <ele>3.86</ele>
   </trkpt>
   <trkpt lat="42.360850000000006" lon="-71.07907">
    <ele>3.58</ele>
   </trkpt>
   <trkpt lat="42.36102" lon="-71.0788">
    <ele>3.5</ele>
   </trkpt>
   <trkpt lat="42.361270000000005" lon="-71.07857">
    <ele>2.83</ele>
   </trkpt>
   <trkpt lat="42.36151" lon="-71.07848">
    <ele>1.8800000000000001</ele>
   </trkpt>
   <trkpt lat="42.36198" lon="-71.0784">
    <ele>2.0300000000000002</ele>
   </trkpt>
   <trkpt lat="42.362480000000005" lon="-71.07831">
    <ele>3.0700000000000003</ele>
   </trkpt>
   <trkpt lat="42.362610000000004" lon="-71.07826">
    <ele>3.1100000000000003</ele>
   </trkpt>
   <trkpt lat="42.362820000000006" lon="-71.07826">
    <ele>3.0100000000000002</ele>
   </trkpt>
   <trkpt lat="42.36285" lon="-71.07825000000001">
    <ele>3.0100000000000002</ele>
   </trkpt>
   <trkpt lat="42.36289" lon="-71.07816000000001">
    <ele>2.9400000000000004</ele>
   </trkpt>
   <trkpt lat="42.362970000000004" lon="-71.07804">
    <ele>2.9400000000000004</ele>
   </trkpt>
   <trkpt lat="42.36368333745622" lon="-71.07735334890154">
    <ele>2.69</ele>
   </trkpt>
   <trkpt lat="42.36439667081524" lon="-71.07666668221043">
    <ele>2.8800000000000003</ele>
   </trkpt>
   <trkpt lat="42.36511" lon="-71.07598">
    <ele>2.7800000000000002</ele>
   </trkpt>
   <trkpt lat="42.36576667010029" lon="-71.07535334641412">
    <ele>2.7800000000000002</ele>
   </trkpt>
   <trkpt lat="42.36642333678807" lon="-71.0747266797275">
    <ele>2.71</ele>
   </trkpt>
   <trkpt lat="42.36708" lon="-71.0741">
    <ele>2.68</ele>
   </trkpt>
   <trkpt lat="42.3673" lon="-71.07397">
    <ele>3.0100000000000002</ele>
   </trkpt>
   <trkpt lat="42.36742" lon="-71.07396">
    <ele>3.0100000000000002</ele>
   </trkpt>
   <trkpt lat="42.367580000000004" lon="-71.07401">
    <ele>3.1</ele>
   </trkpt>
   <trkpt lat="42.36766" lon="-71.07409000000001">
    <ele>3.25</ele>
   </trkpt>
   <trkpt lat="42.3678" lon="-71.07428">
    <ele>3.85</ele>
   </trkpt>
   <trkpt lat="42.36789" lon="-71.07428">
    <ele>3.85</ele>
   </trkpt>
   <trkpt lat="42.36804" lon="-71.07413000000001">
    <ele>4.390000000000001</ele>
   </trkpt>
   <trkpt lat="42.368120000000005" lon="-71.0741">
    <ele>4.69</ele>
   </trkpt>
   <trkpt lat="42.368170000000006" lon="-71.07402">
    <ele>4.69</ele>
   </trkpt>
   <trkpt lat="42.368520000000004" lon="-71.07366">
    <ele>4.82</ele>
   </trkpt>
   <trkpt lat="42.36862" lon="-71.07352">
    <ele>4.64</ele>
   </trkpt>
   <trkpt lat="42.368880000000004" lon="-71.07325">
    <ele>4.62</ele>
   </trkpt>
   <trkpt lat="42.36892" lon="-71.07308">
    <ele>4.68</ele>
   </trkpt>
   <trkpt lat="42.368900000000004" lon="-71.07284">
    <ele>4.65</ele>
   </trkpt>
   <trkpt lat="42.368640000000006" lon="-71.07229000000001">
    <ele>4.55</ele>
   </trkpt>
   <trkpt lat="42.36882000000001" lon="-71.07211000000001">
    <ele>4.46</ele>
   </trkpt>
   <trkpt lat="42.368880000000004" lon="-71.07213">
    <ele>4.46</ele>
   </trkpt>
   <trkpt lat="42.368950000000005" lon="-71.07208">
    <ele>4.32</ele>
   </trkpt>
   <trkpt lat="42.36932" lon="-71.07173">
    <ele>3.87</ele>
   </trkpt>
   <trkpt lat="42.36936" lon="-71.07163">
    <ele>3.87</ele>
   </trkpt>
   <trkpt lat="42.36936" lon="-71.07146">
    <ele>3.19</ele>
   </trkpt>
   <trkpt lat="42.36896000276333" lon="-71.07066999507141">
    <ele>2.04</ele>
   </trkpt>
   <trkpt lat="42.36856" lon="-71.06988000000001">
    <ele>1.8900000000000001</ele>
   </trkpt>
   <trkpt lat="42.369150000000005" lon="-71.06931">
    <ele>3.95</ele>
   </trkpt>
   <trkpt lat="42.36912" lon="-71.06921000000001">
    <ele>4.0600000000000005</ele>
   </trkpt>
   <trkpt lat="42.369130000000006" lon="-71.06908">
    <ele>4.07</ele>
   </trkpt>
   <trkpt lat="42.36923" lon="-71.06887">
    <ele>3.95</ele>
   </trkpt>
   <trkpt lat="42.36941" lon="-71.06867000000001">
    <ele>3.56</ele>
   </trkpt>
   <trkpt lat="42.36956000000001" lon="-71.06828">
    <ele>3.7</ele>
   </trkpt>
   <trkpt lat="42.369620000000005" lon="-71.06795000000001">
    <ele>4.24</ele>
   </trkpt>
   <trkpt lat="42.36963" lon="-71.06765">
    <ele>4.7</ele>
   </trkpt>
   <trkpt lat="42.369580000000006" lon="-71.06711">
    <ele>6.21</ele>
   </trkpt>
   <trkpt lat="42.369580000000006" lon="-71.06675">
    <ele>7.95</ele>
   </trkpt>
   <trkpt lat="42.369600000000005" lon="-71.06639000000001">
    <ele>9.260000000000002</ele>
   </trkpt>
   <trkpt lat="42.369690000000006" lon="-71.06551">
    <ele>8.110000000000001</ele>
   </trkpt>
   <trkpt lat="42.3697" lon="-71.06511">
    <ele>5.99</ele>
   </trkpt>
   <trkpt lat="42.36966" lon="-71.06438">
    <ele>3.91</ele>
   </trkpt>
   <trkpt lat="42.36972" lon="-71.06401000000001">
    <ele>3.73</ele>
   </trkpt>
   <trkpt lat="42.369710000000005" lon="-71.06362">
    <ele>3.3100000000000005</ele>
   </trkpt>
   <trkpt lat="42.36957" lon="-71.06311000000001">
    <ele>3.24</ele>
   </trkpt>
   <trkpt lat="42.36943" lon="-71.06295">
    <ele>2.9400000000000004</ele>
   </trkpt>
   <trkpt lat="42.36943" lon="-71.06245000000001">
    <ele>2.85</ele>
   </trkpt>
   <trkpt lat="42.36937" lon="-71.06193">
    <ele>3.17</ele>
   </trkpt>
   <trkpt lat="42.36939" lon="-71.06183">
    <ele>3.17</ele>
   </trkpt>
   <trkpt lat="42.369260000000004" lon="-71.06179">
    <ele>3.4200000000000004</ele>
   </trkpt>
   <trkpt lat="42.369240000000005" lon="-71.06178">
    <ele>3.4200000000000004</ele>
   </trkpt>
   <trkpt lat="42.36871" lon="-71.06161">
    <ele>3.5500000000000003</ele>
   </trkpt>
   <trkpt lat="42.36865" lon="-71.06191000000001">
    <ele>3.6300000000000003</ele>
   </trkpt>
   <trkpt lat="42.368570000000005" lon="-71.06192">
    <ele>3.6300000000000003</ele>
   </trkpt>
   <trkpt lat="42.368500000000004" lon="-71.06187">
    <ele>3.6500000000000004</ele>
   </trkpt>
   <trkpt lat="42.368520000000004" lon="-71.06173000000001">
    <ele>3.6500000000000004</ele>
   </trkpt>
   <trkpt lat="42.36849" lon="-71.06168000000001">
    <ele>3.6500000000000004</ele>
   </trkpt>
   <trkpt lat="42.36842" lon="-71.06169000000001">
    <ele>3.6300000000000003</ele>
   </trkpt>
   <trkpt lat="42.368320000000004" lon="-71.06163000000001">
    <ele>3.6300000000000003</ele>
   </trkpt>
   <trkpt lat="42.36826000000001" lon="-71.06164000000001">
    <ele>3.6300000000000003</ele>
   </trkpt>
   <trkpt lat="42.3682" lon="-71.06159000000001">
    <ele>3.6</ele>
   </trkpt>
   <trkpt lat="42.36818" lon="-71.06152">
    <ele>3.6</ele>
   </trkpt>
   <trkpt lat="42.36807" lon="-71.06147">
    <ele>3.49</ele>
   </trkpt>
   <trkpt lat="42.367960000000004" lon="-71.06133000000001">
    <ele>3.5100000000000002</ele>
   </trkpt>
  </trkseg>
 </trk>
</gpx>
