{
  "win_probabilities": {
    "Haneen": 0.71917808,
    "Kato": 0.28082192,
    "Jack": 0.0,
    "Nick": 0.0,
    "Courtney": 0.0,
    "Anish": 0.0,
    "Sandy": 0.0,
    "Alice": 0.0,
    "John": 0.0,
    "Na'ama": 0.0,
    "Dustin": 0.0,
    "Josh": 0.0,
    "Vedant": 0.0,
    "Brian": 0.0,
    "Ethan": 0.0,
    "Ben": 0.0,
    "Aidan": 0.0,
    "Kendall": 0.0,
    "Sam": 0.0,
    "Tyler": 0.0,
    "Manu": 0.0,
    "Jared": 0.0,
    "Palmer": 0.0
  },
  "lose_probabilities": {
    "Haneen": 0.0,
    "Kato": 0.0,
    "Jack": 0.0,
    "Nick": 0.0,
    "Courtney": 0.0,
    "Anish": 0.0,
    "Sandy": 0.0,
    "Alice": 0.0,
    "John": 0.0,
    "Na'ama": 0.0,
    "Dustin": 0.0,
    "Josh": 0.0,
    "Vedant": 0.0,
    "Brian": 0.0,
    "Ethan": 0.0,
    "Ben": 1.0,
    "Aidan": 0.0,
    "Kendall": 0.0,
    "Sam": 0.0,
    "Tyler": 0.0,
    "Manu": 0.0,
    "Jared": 0.0,
    "Palmer": 0.0
  },
  "places_probabilities": {
    "Haneen": {
      "1": 0.71917808,
      "2": 0.0,
      "3": 0.0,
      "4": 0.0,
      "5": 0.0,
      "6": 0.0,
      "7": 0.28082192,
      "8": 0.0,
      "9": 0.0,
      "10": 0.0,
      "11": 0.0,
      "12": 0.0,
      "13": 0.0,
      "14": 0.0,
      "15": 0.0,
      "16": 0.0,
      "17": 0.0,
      "18": 0.0,
      "19": 0.0,
      "20": 0.0,
      "21": 0.0,
      "22": 0.0,
      "23": 0.0
    },
    "Kato": {
      "1": 0.28082192,
      "2": 0.0,
      "3": 0.0,
      "4": 0.71917808,
      "5": 0.0,
      "6": 0.0,
      "7": 0.0,
      "8": 0.0,
      "9": 0.0,
      "10": 0.0,
      "11": 0.0,
      "12": 0.0,
      "13": 0.0,
      "14": 0.0,
      "15": 0.0,
      "16": 0.0,
      "17": 0.0,
      "18": 0.0,
      "19": 0.0,
      "20": 0.0,
      "21": 0.0,
      "22": 0.0,
      "23": 0.0
    },
    "Jack": {
      "1": 0.0,
      "2": 0.0,
      "3": 0.0,
      "4": 0.0,
      "5": 0.0,
      "6": 0.0,
      "7": 0.0,
      "8": 0.0,
      "9": 0.0,
      "10": 0.0,
      "11": 0.28082192,
      "12": 0.71917808,
      "13": 0.0,
      "14": 0.0,
      "15": 0.0,
      "16": 0.0,
      "17": 0.0,
      "18": 0.0,
      "19": 0.0,
      "20": 0.0,
      "21": 0.0,
      "22": 0.0,
      "23": 0.0
    },
    "Nick": {
      "1": 0.0,
      "2": 0.0,
      "3": 0.0,
      "4": 0.0,
      "5": 0.0,
      "6": 0.0,
      "7": 0.0,
      "8": 0.0,
      "9": 0.0,
      "10": 0.0,
      "11": 0.0,
      "12": 0.0,
      "13": 0.0,
      "14": 0.0,
      "15": 0.0,
      "16": 0.0,
      "17": 1.0,
      "18": 0.0,
      "19": 0.0,
      "20": 0.0,
      "21": 0.0,
      "22": 0.0,
      "23": 0.0
    },
    "Courtney": {
      "1": 0.0,
      "2": 0.0,
      "3": 0.0,
      "4": 0.0,
      "5": 0.0,
      "6": 0.0,
      "7": 0.0,
      "8": 0.0,
      "9": 0.0,
      "10": 0.0,
      "11": 0.0,
      "12": 0.0,
      "13": 0.0,
      "14": 0.0,
      "15": 0.0,
      "16": 0.0,
      "17": 0.0,
      "18": 0.0,
      "19": 1.0,
      "20": 0.0,
      "21": 0.0,
      "22": 0.0,
      "23": 0.0
    },
    "Anish": {
      "1": 0.0,
      "2": 0.0,
      "3": 0.0,
      "4": 0.0,
      "5": 0.0,
      "6": 0.0,
      "7": 0.0,
      "8": 0.0,
      "9": 0.0,
      "10": 0.0,
      "11": 0.0,
      "12": 0.28082192,
      "13": 0.71917808,
      "14": 0.0,
      "15": 0.0,
      "16": 0.0,
      "17": 0.0,
      "18": 0.0,
      "19": 0.0,
      "20": 0.0,
      "21": 0.0,
      "22": 0.0,
      "23": 0.0
    },
    "Sandy": {
      "1": 0.0,
      "2": 0.0,
      "3": 0.0,
      "4": 0.0,
      "5": 0.0,
      "6": 0.0,
      "7": 0.0,
      "8": 0.0,
      "9": 0.0,
      "10": 0.0,
      "11": 0.0,
      "12": 0.0,
      "13": 0.0,
      "14": 0.0,
      "15": 0.0,
      "16": 1.0,
      "17": 0.0,
      "18": 0.0,
      "19": 0.0,
      "20": 0.0,
      "21": 0.0,
      "22": 0.0,
      "23": 0.0
    },
    "Alice": {
      "1": 0.0,
      "2": 0.0,
      "3": 0.0,
      "4": 0.0,
      "5": 0.0,
      "6": 0.0,
      "7": 0.0,
      "8": 0.0,
      "9": 0.0,
      "10": 0.0,
      "11": 0.0,
      "12": 0.0,
      "13": 0.0,
      "14": 0.0,
      "15": 0.0,
      "16": 0.0,
      "17": 0.0,
      "18": 0.0,
      "19": 0.0,
      "20": 0.0,
      "21": 1.0,
      "22": 0.0,
      "23": 0.0
    },
    "John": {
      "1": 0.0,
      "2": 0.71917808,
      "3": 0.28082192,
      "4": 0.0,
      "5": 0.0,
      "6": 0.0,
      "7": 0.0,
      "8": 0.0,
      "9": 0.0,
      "10": 0.0,
      "11": 0.0,
      "12": 0.0,
      "13": 0.0,
      "14": 0.0,
      "15": 0.0,
      "16": 0.0,
      "17": 0.0,
      "18": 0.0,
      "19": 0.0,
      "20": 0.0,
      "21": 0.0,
      "22": 0.0,
      "23": 0.0
    },
    "Na'ama": {
      "1": 0.0,
      "2": 0.0,
      "3": 0.0,
      "4": 0.0,
      "5": 1.0,
      "6": 0.0,
      "7": 0.0,
      "8": 0.0,
      "9": 0.0,
      "10": 0.0,
      "11": 0.0,
      "12": 0.0,
      "13": 0.0,
      "14": 0.0,
      "15": 0.0,
      "16": 0.0,
      "17": 0.0,
      "18": 0.0,
      "19": 0.0,
      "20": 0.0,
      "21": 0.0,
      "22": 0.0,
      "23": 0.0
    },
    "Dustin": {
      "1": 0.0,
      "2": 0.0,
      "3": 0.0,
      "4": 0.0,
      "5": 0.0,
      "6": 0.0,
      "7": 0.0,
      "8": 0.0,
      "9": 0.0,
      "10": 0.0,
      "11": 0.0,
      "12": 0.0,
      "13": 0.0,
      "14": 0.0,
      "15": 0.0,
      "16": 0.0,
      "17": 0.0,
      "18": 0.0,
      "19": 0.0,
      "20": 1.0,
      "21": 0.0,
      "22": 0.0,
      "23": 0.0
    },
    "Josh": {
      "1": 0.0,
      "2": 0.0,
      "3": 0.0,
      "4": 0.0,
      "5": 0.0,
      "6": 1.0,
      "7": 0.0,
      "8": 0.0,
      "9": 0.0,
      "10": 0.0,
      "11": 0.0,
      "12": 0.0,
      "13": 0.0,
      "14": 0.0,
      "15": 0.0,
      "16": 0.0,
      "17": 0.0,
      "18": 0.0,
      "19": 0.0,
      "20": 0.0,
      "21": 0.0,
      "22": 0.0,
      "23": 0.0
    },
    "Vedant": {
      "1": 0.0,
      "2": 0.0,
      "3": 0.0,
      "4": 0.0,
      "5": 0.0,
      "6": 0.0,
      "7": 0.0,
      "8": 1.0,
      "9": 0.0,
      "10": 0.0,
      "11": 0.0,
      "12": 0.0,
      "13": 0.0,
      "14": 0.0,
      "15": 0.0,
      "16": 0.0,
      "17": 0.0,
      "18": 0.0,
      "19": 0.0,
      "20": 0.0,
      "21": 0.0,
      "22": 0.0,
      "23": 0.0
    },
    "Brian": {
      "1": 0.0,
      "2": 0.0,
      "3": 0.0,
      "4": 0.0,
      "5": 0.0,
      "6": 0.0,
      "7": 0.0,
      "8": 0.0,
      "9": 1.0,
      "10": 0.0,
      "11": 0.0,
      "12": 0.0,
      "13": 0.0,
      "14": 0.0,
      "15": 0.0,
      "16": 0.0,
      "17": 0.0,
      "18": 0.0,
      "19": 0.0,
      "20": 0.0,
      "21": 0.0,
      "22": 0.0,
      "23": 0.0
    },
    "Ethan": {
      "1": 0.0,
      "2": 0.0,
      "3": 0.71917808,
      "4": 0.28082192,
      "5": 0.0,
      "6": 0.0,
      "7": 0.0,
      "8": 0.0,
      "9": 0.0,
      "10": 0.0,
      "11": 0.0,
      "12": 0.0,
      "13": 0.0,
      "14": 0.0,
      "15": 0.0,
      "16": 0.0,
      "17": 0.0,
      "18": 0.0,
      "19": 0.0,
      "20": 0.0,
      "21": 0.0,
      "22": 0.0,
      "23": 0.0
    },
    "Ben": {
      "1": 0.0,
      "2": 0.0,
      "3": 0.0,
      "4": 0.0,
      "5": 0.0,
      "6": 0.0,
      "7": 0.0,
      "8": 0.0,
      "9": 0.0,
      "10": 0.0,
      "11": 0.0,
      "12": 0.0,
      "13": 0.0,
      "14": 0.0,
      "15": 0.0,
      "16": 0.0,
      "17": 0.0,
      "18": 0.0,
      "19": 0.0,
      "20": 0.0,
      "21": 0.0,
      "22": 0.0,
      "23": 1.0
    },
    "Aidan": {
      "1": 0.0,
      "2": 0.0,
      "3": 0.0,
      "4": 0.0,
      "5": 0.0,
      "6": 0.0,
      "7": 0.0,
      "8": 0.0,
      "9": 0.0,
      "10": 0.0,
      "11": 0.0,
      "12": 0.0,
      "13": 0.0,
      "14": 0.0,
      "15": 0.0,
      "16": 0.0,
      "17": 0.0,
      "18": 0.0,
      "19": 0.0,
      "20": 0.0,
      "21": 0.0,
      "22": 1.0,
      "23": 0.0
    },
    "Kendall": {
      "1": 0.0,
      "2": 0.0,
      "3": 0.0,
      "4": 0.0,
      "5": 0.0,
      "6": 0.0,
      "7": 0.0,