{
  "fetched_at": "2026-03-18T12:28:20.032780",
  "regions": "us",
  "championship_probs": {
    "Duke Blue Devils": 0.1842146801626386,
    "Arizona Wildcats": 0.1623150328705767,
    "Michigan Wolverines": 0.1663874530501252,
    "Florida Gators": 0.094738978369357,
    "Houston Cougars": 0.06447513805692351,
    "Iowa State Cyclones": 0.04220190854634994,
    "Illinois Fighting Illini": 0.03464335776192905,
    "UConn Huskies": 0.03094806626732329,
    "Purdue Boilermakers": 0.029757756026272394,
    "Arkansas Razorbacks": 0.01423990779171317,
    "Kansas Jayhawks": 0.013816101012197895,
    "Michigan St Spartans": 0.014690537785121813,
    "Gonzaga Bulldogs": 0.013816101012197895,
    "St. John's Red Storm": 0.01137796553945709,
    "Wisconsin Badgers": 0.009512725287087076,
    "Vanderbilt Commodores": 0.01084628490677218,
    "Virginia Cavaliers": 0.01040854246658855,
    "Alabama Crimson Tide": 0.005688982769728545,
    "Louisville Cardinals": 0.005759565682504334,
    "Tennessee Volunteers": 0.00648353343589175,
    "Nebraska Cornhuskers": 0.007186083498604478,
    "Kentucky Wildcats": 0.00485586813817834,
    "Texas Tech Red Raiders": 0.00648353343589175,
    "BYU Cougars": 0.003554525222127483,
    "North Carolina Tar Heels": 0.0033017140398993554,
    "UCLA Bruins": 0.00435479356482035,
    "Clemson Tigers": 0.0024355770934409724,
    "Iowa Hawkeyes": 0.0033017140398993554,
    "Saint Mary's Gaels": 0.003082476719852917,
    "Miami Hurricanes": 0.0024355770934409724,
    "Utah State Aggies": 0.0022042782241683254,
    "Saint Louis Billikens": 0.0014945943142622323,
    "Villanova Wildcats": 0.0019294305652944692,
    "Ohio State Buckeyes": 0.0024355770934409724,
    "Missouri Tigers": 0.0018524381245405,
    "Texas A&M Aggies": 0.0018524381245405,
    "UCF Knights": 0.0014945943142622323,
    "Texas Longhorns": 0.0016543870064499263,
    "Georgia Bulldogs": 0.0014945943142622323,
    "Santa Clara Broncos": 0.0013240758528518233,
    "VCU Rams": 0.0014041772353594957,
    "South Florida Bulls": 0.000927329192988113,
    "SMU Mustangs": 0.0011588142636291794,
    "TCU Horned Frogs": 0.0012526200593897714,
    "Northern Iowa Panthers": 0.0005798413614911932,
    "High Point Panthers": 0.0005798413614911932,
    "Hofstra Pride": 0.0005798413614911932,
    "Akron Zips": 0.000927329192988113,
    "Miami (OH) RedHawks": 0.000515457466144625,
    "Tennessee St Tigers": 0.0003866574995917452,
    "LIU Sharks": 0.0003866574995917452,
    "Queens University Royals": 0.00046394262843278965,
    "Troy Trojans": 0.00046394262843278965,
    "Furman Paladins": 0.00046394262843278965,
    "Wright St Raiders": 0.00046394262843278965,
    "Siena Saints": 0.00046394262843278965,
    "McNeese Cowboys": 0.0005798413614911932,
    "Hawai'i Rainbow Warriors": 0.0003866574995917452,
    "Cal Baptist Lancers": 0.00046394262843278965,
    "Pennsylvania Quakers": 0.000515457466144625,
    "Lehigh Mountain Hawks": 0.00029002936024606353,
    "Idaho Vandals": 0.00029002936024606353,
    "Howard Bison": 0.00029002936024606353,
    "Prairie View Panthers": 0.00029002936024606353,
    "Kennesaw St Owls": 0.00030935691990527077,
    "North Dakota St Bison": 0.000515457466144625
  },
  "game_odds": [
    {
      "home_team": "Lehigh Mountain Hawks",
      "away_team": "Prairie View Panthers",
      "commence_time": "2026-03-18T22:40:00Z",
      "home_prob": 0.5968239129873741,
      "away_prob": 0.4031760870126257
    },
    {
      "home_team": "Wake Forest Demon Deacons",
      "away_team": "Navy Midshipmen",
      "commence_time": "2026-03-18T23:00:00Z",
      "home_prob": 0.8436472227417636,
      "away_prob": 0.15635277725823638
    },
    {
      "home_team": "Utah Valley Wolverines",
      "away_team": "GW Revolutionaries",
      "commence_time": "2026-03-19T00:00:00Z",
      "home_prob": 0.5431816778813507,
      "away_prob": 0.4568183221186493
    },
    {
      "home_team": "Illinois St Redbirds",
      "away_team": "Kent State Golden Flashes",
      "commence_time": "2026-03-19T00:00:00Z",
      "home_prob": 0.6836224094970994,
      "away_prob": 0.3163775905029006
    },
    {
      "home_team": "Bradley Braves",
      "away_team": "Dayton Flyers",
      "commence_time": "2026-03-19T01:00:00Z",
      "home_prob": 0.4616876687971875,
      "away_prob": 0.5383123312028125
    },
    {
      "home_team": "New Mexico Lobos",
      "away_team": "Sam Houston St Bearkats",
      "commence_time": "2026-03-19T01:00:00Z",
      "home_prob": 0.8668496448436193,
      "away_prob": 0.13315035515638063
    },
    {
      "home_team": "SMU Mustangs",
      "away_team": "Miami (OH) RedHawks",
      "commence_time": "2026-03-19T01:15:00Z",
      "home_prob": 0.7202540004037183,
      "away_prob": 0.2797459995962817
    },
    {
      "home_team": "Nevada Wolf Pack",
      "away_team": "Murray St Racers",
      "commence_time": "2026-03-19T02:00:00Z",
      "home_prob": 0.7697387200517611,
      "away_prob": 0.23026127994823878
    },
    {
      "home_team": "California Golden Bears",
      "away_team": "UIC Flames",
      "commence_time": "2026-03-19T03:00:00Z",
      "home_prob": 0.6940572598368304,
      "away_prob": 0.30594274016316947
    },
    {
      "home_team": "Colorado St Rams",
      "away_team": "Saint Joseph's Hawks",
      "commence_time": "2026-03-19T03:00:00Z",
      "home_prob": 0.7101667482214777,
      "away_prob": 0.2898332517785222
    },
    {
      "home_team": "Ohio State Buckeyes",
      "away_team": "TCU Horned Frogs",
      "commence_time": "2026-03-19T16:15:00Z",
      "home_prob": 0.5647655905472534,
      "away_prob": 0.4352344094527466
    },
    {
      "home_team": "Nebraska Cornhuskers",
      "away_team": "Troy Trojans",
      "commence_time": "2026-03-19T16:40:00Z",
      "home_prob": 0.873701821372166,
      "away_prob": 0.12629817862783396
    },
    {
      "home_team": "Louisville Cardinals",
      "away_team": "South Florida Bulls",
      "commence_time": "2026-03-19T17:30:00Z",
      "home_prob": 0.6366322676938618,
      "away_prob": 0.3633677323061383
    },
    {
      "home_team": "Wisconsin Badgers",
      "away_team": "High Point Panthers",
      "commence_time": "2026-03-19T17:50:00Z",
      "home_prob": 0.7994385916132212,
      "away_prob": 0.2005614083867789
    },
    {
      "home_team": "Duke Blue Devils",
      "away_team": "Siena Saints",
      "commence_time": "2026-03-19T18:50:50Z",
      "home_prob": 0.9766732068890343,
      "away_prob": 0.02332679311096577
    },
    {
      "home_team": "Vanderbilt Commodores",
      "away_team": "McNeese Cowboys",
      "commence_time": "2026-03-19T19:15:00Z",
      "home_prob": 0.8396080700064965,
      "away_prob": 0.16039192999350355
    },
    {
      "home_team": "Michigan St Spartans",
      "away_team": "North Dakota St Bison",
      "commence_time": "2026-03-19T20:05:59Z",
      "home_prob": 0.9097134213835811,
      "away_prob": 0.09028657861641878
    },
    {
      "home_team": "Arkansas Razorbacks",
      "away_team": "Hawai'i Rainbow Warriors",
      "commence_time": "2026-03-19T20:25:05Z",
      "home_prob": 0.8991465557428192,
      "away_prob": 0.10085344425718075
    },
    {
      "home_team": "North Carolina Tar Heels",
      "away_team": "VCU Rams",
      "commence_time": "2026-03-19T22:50:00Z",
      "home_prob": 0.5755743377675248,
      "away_prob": 0.4244256622324752
    },
    {
      "home_team": "Michigan Wolverines",
      "away_team": "Howard Bison",
      "commence_time": "2026-03-19T23:10:42Z",
      "home_prob": 0.9831657376544075,
      "away_prob": 0.016834262345592564
    },
    {
      "home_team": "BYU Cougars",
      "away_team": "Texas Longhorns",
      "commence_time": "2026-03-19T23:25:00Z",
      "home_prob": 0.56016411321453,
      "away_prob": 0.4398358867854701
    },
    {
      "home_team": "Saint Mary's Gaels",
      "away_team": "Texas A&M Aggies",
      "commence_time": "2026-03-19T23:35:00Z",