{
  "fetched_at": "2025-12-16T11:26:07.850871",
  "regions": "us",
  "championship_probs": {
    "Michigan Wolverines": 0.12229715597301341,
    "Arizona Wildcats": 0.06923701422810812,
    "Duke Blue Devils": 0.05739384074172121,
    "Iowa State Cyclones": 0.05276530519803401,
    "UConn Huskies": 0.05739384074172121,
    "Purdue Boilermakers": 0.050329983419663216,
    "Gonzaga Bulldogs": 0.04607674538419872,
    "Houston Cougars": 0.04194165284971934,
    "Florida Gators": 0.028202145881707837,
    "Louisville Cardinals": 0.030862725681868954,
    "Vanderbilt Commodores": 0.02225475457332047,
    "Michigan St Spartans": 0.026382652599017006,
    "Kansas Jayhawks": 0.02210438460998722,
    "North Carolina Tar Heels": 0.01924381718987123,
    "Illinois Fighting Illini": 0.024232954979837844,
    "St. John's Red Storm": 0.02007023878698226,
    "BYU Cougars": 0.020705372925810817,
    "Alabama Crimson Tide": 0.020705372925810817,
    "Arkansas Razorbacks": 0.01891010937733011,
    "Kentucky Wildcats": 0.01422369096642656,
    "Texas Tech Red Raiders": 0.012582495854915804,
    "Tennessee Volunteers": 0.013085795689112436,
    "Nebraska Cornhuskers": 0.01003511939349113,
    "Iowa Hawkeyes": 0.0061725451363737905,
    "UCLA Bruins": 0.007520572235122089,
    "Oregon Ducks": 0.003100899452396312,
    "Indiana Hoosiers": 0.005948088949596561,
    "Auburn Tigers": 0.0061725451363737905,
    "NC State Wolfpack": 0.00711184548321328,
    "USC Trojans": 0.005894502562663259,
    "Baylor Bears": 0.0060026585729873565,
    "Virginia Cavaliers": 0.006815518588079393,
    "Ohio State Buckeyes": 0.004481436879833026,
    "Clemson Tigers": 0.004994578507294823,
    "Wisconsin Badgers": 0.004481436879833026,
    "Syracuse Orange": 0.0029605872599801895,
    "Miami Hurricanes": 0.003917902900931867,
    "Washington Huskies": 0.002606732208986541,
    "Ole Miss Rebels": 0.003255173056993143,
    "Georgia Bulldogs": 0.0041674508564052345,
    "Texas A&M Aggies": 0.0034256009657362397,
    "Wake Forest Demon Deacons": 0.0038262560494480803,
    "TCU Horned Frogs": 0.0027148953711851526,
    "LSU Tigers": 0.002832423309331696,
    "Butler Bulldogs": 0.0027148953711851526,
    "Memphis Tigers": 0.0022484185032839235,
    "SMU Mustangs": 0.0029605872599801895,
    "Missouri Tigers": 0.0034256009657362397,
    "San Diego St Aztecs": 0.003100899452396312,
    "Saint Mary's Gaels": 0.0029605872599801895,
    "Texas Longhorns": 0.0027148953711851526,
    "Georgetown Hoyas": 0.0020070238786982263,
    "Providence Friars": 0.0016733754078148897,
    "Notre Dame Fighting Irish": 0.0019187383708376006,
    "Oklahoma Sooners": 0.0019767062974490085,
    "West Virginia Mountaineers": 0.0019187383708376006,
    "Mississippi St Bulldogs": 0.0015919459475805882,
    "UCF Knights": 0.0014116284454274472,
    "Cincinnati Bearcats": 0.0018124370760543539,
    "Villanova Wildcats": 0.002606732208986541,
    "Oklahoma St Cowboys": 0.0021737202141382784,
    "Dayton Flyers": 0.001740132405467079,
    "VCU Rams": 0.0021737202141382784,
    "Utah Utes": 0.0010536067382538193,
    "Xavier Musketeers": 0.001717296022193233,
    "Creighton Bluejays": 0.0022484185032839235,
    "Virginia Tech Hokies": 0.002483073185789836,
    "Utah State Aggies": 0.002103825673490745,
    "Maryland Terrapins": 0.0019187383708376006,
    "McNeese Cowboys": 0.0013059676336439556,
    "Boise State Broncos": 0.0011874587739666457,
    "Kansas St Wildcats": 0.0013325657524554415,
    "High Point Panthers": 0.0013059676336439556,
    "Drake Bulldogs": 0.0013059676336439556,
    "California Golden Bears": 0.0011611176299123724,
    "Bradley Braves": 0.0013059676336439556,
    "UNLV Rebels": 0.0013059676336439556,
    "Northwestern Wildcats": 0.00128041053709515,
    "Stanford Cardinal": 0.0010886685265484555,
    "Colorado St Rams": 0.0011874587739666457,
    "Yale Bulldogs": 0.0013059676336439556,
    "George Mason Patriots": 0.0013059676336439556,
    "Florida St Seminoles": 0.0013325657524554415,
    "Santa Clara Broncos": 0.0013059676336439556,
    "Colorado Buffaloes": 0.0013059676336439556,
    "Grand Canyon Antelopes": 0.0013059676336439556,
    "UC San Diego Tritons": 0.0013059676336439556,
    "New Mexico Lobos": 0.0013325657524554415,
    "San Francisco Dons": 0.0013059676336439556,
    "UAB Blazers": 0.0013059676336439556,
    "Arizona St Sun Devils": 0.0013325657524554415,
    "UC Irvine Anteaters": 0.0013059676336439556,
    "Marquette Golden Eagles": 0.0014507534023406247,
    "Seton Hall Pirates": 0.002606732208986541,
    "Minnesota Golden Gophers": 0.0010451913489706417,
    "South Carolina Gamecocks": 0.0010451913489706417,
    "Pittsburgh Panthers": 0.0010451913489706417,
    "Penn State Nittany Lions": 0.0010451913489706417,
    "Georgia Tech Yellow Jackets": 0.0008712247462791235,
    "North Texas Mean Green": 0.0013059676336439556,
    "Nevada Wolf Pack": 0.0013059676336439556,
    "Boston College Eagles": 0.000979964729589049,
    "Rutgers Scarlet Knights": 0.0008712247462791235,
    "DePaul Blue Demons": 0.0008523097496165286,
    "Troy Trojans": 0.0006536361483073144,
    "Liberty Flames": 0.0013059676336439556
  },
  "game_odds": null
}