{
  "fetched_at": "2026-03-15T19:57:00.684626",
  "regions": "us",
  "championship_probs": {
    "Michigan Wolverines": 0.17355816323036233,
    "Duke Blue Devils": 0.18087772891404347,
    "Arizona Wildcats": 0.142506223483077,
    "Florida Gators": 0.09912099544489582,
    "Houston Cougars": 0.06758249689424715,
    "UConn Huskies": 0.034311113807848556,
    "Iowa State Cyclones": 0.037800379618816195,
    "Illinois Fighting Illini": 0.03717037329183593,
    "Purdue Boilermakers": 0.025343436335342678,
    "Kansas Jayhawks": 0.01559596082174934,
    "Arkansas Razorbacks": 0.013275133318512832,
    "Michigan St Spartans": 0.01559596082174934,
    "Gonzaga Bulldogs": 0.014115331629811113,
    "St. John's Red Storm": 0.012459343002850032,
    "Wisconsin Badgers": 0.010421599988365214,
    "Vanderbilt Commodores": 0.010620106654810266,
    "Virginia Cavaliers": 0.009956349988884623,
    "Alabama Crimson Tide": 0.005823034980444272,
    "Louisville Cardinals": 0.007125311174153852,
    "Tennessee Volunteers": 0.007483967776879717,
    "Nebraska Cornhuskers": 0.007360469958779392,
    "Kentucky Wildcats": 0.005210799994182607,
    "Texas Tech Red Raiders": 0.006229671501425016,
    "BYU Cougars": 0.004032951894231747,
    "North Carolina Tar Heels": 0.004032951894231747,
    "UCLA Bruins": 0.004032951894231747,
    "NC State Wolfpack": 0.002777362886064951,
    "Clemson Tigers": 0.0031724358428309473,
    "Iowa Hawkeyes": 0.0031724358428309473,
    "Saint Mary's Gaels": 0.002777362886064951,
    "Miami Hurricanes": 0.0026145631858266777,
    "Utah State Aggies": 0.002340212379339093,
    "Saint Louis Billikens": 0.0019342778816219912,
    "Villanova Wildcats": 0.002340212379339093,
    "Ohio State Buckeyes": 0.002340212379339093,
    "Missouri Tigers": 0.0017799061432642903,
    "Texas A&M Aggies": 0.0020219604691841847,
    "UCF Knights": 0.0019342778816219912,
    "Georgia Bulldogs": 0.0014360736622731204,
    "Santa Clara Broncos": 0.0012722318297262725,
    "VCU Rams": 0.0013491968526982189,
    "South Florida Bulls": 0.0008910197353216764,
    "SMU Mustangs": 0.001113441037199279,
    "TCU Horned Frogs": 0.0012722318297262725,
    "Northern Iowa Panthers": 0.000557137746067988,
    "High Point Panthers": 0.000557137746067988,
    "Hofstra Pride": 0.000557137746067988,
    "Akron Zips": 0.0008910197353216764,
    "Texas Longhorns": 0.0009898901009809836,
    "Miami (OH) RedHawks": 0.0004952747940284601,
    "Tennessee St Tigers": 0.00037151797393139357,
    "LIU Sharks": 0.00037151797393139357,
    "Queens University Royals": 0.0004457770132940548,
    "Troy Trojans": 0.0004457770132940548,
    "Furman Paladins": 0.0004457770132940548,
    "Wright St Raiders": 0.0004457770132940548,
    "Siena Saints": 0.0004457770132940548,
    "McNeese Cowboys": 0.000557137746067988,
    "Hawai'i Rainbow Warriors": 0.00037151797393139357,
    "Cal Baptist Lancers": 0.0004457770132940548,
    "Pennsylvania Quakers": 0.0004952747940284601,
    "Lehigh Mountain Hawks": 0.0002786732972023186,
    "Idaho Vandals": 0.0002786732972023186,
    "UMBC Retrievers": 0.0002786732972023186,
    "Howard Bison": 0.0002786732972023186,
    "Prairie View Panthers": 0.0002786732972023186,
    "Kennesaw St Owls": 0.00029724408869920776,
    "North Dakota St Bison": 0.0004952747940284601,
    "UC Irvine Anteaters": 0.000742664801035683
  },
  "game_odds": null
}