{
  "fetched_at": "2026-03-20T10:02:52.658861",
  "regions": "us",
  "championship_probs": {
    "Arizona Wildcats": 0.1843515552443029,
    "Michigan Wolverines": 0.17080340945207068,
    "Duke Blue Devils": 0.1446135533360865,
    "Florida Gators": 0.09712850597199839,
    "Iowa State Cyclones": 0.05248072500099913,
    "Houston Cougars": 0.07151219670465817,
    "Purdue Boilermakers": 0.03575609835232908,
    "Illinois Fighting Illini": 0.039680548171487154,
    "UConn Huskies": 0.031590339320989765,
    "Michigan St Spartans": 0.01768372255468449,
    "Vanderbilt Commodores": 0.01355752062525811,
    "Gonzaga Bulldogs": 0.014857556849597928,
    "Arkansas Razorbacks": 0.015568444737138499,
    "St. John's Red Storm": 0.012278509245516779,
    "Virginia Cavaliers": 0.010703305756782718,
    "Kansas Jayhawks": 0.012562953475142651,
    "Nebraska Cornhuskers": 0.008473450390786319,
    "Tennessee Volunteers": 0.006722737500127989,
    "Alabama Crimson Tide": 0.005820760196890781,
    "Louisville Cardinals": 0.007674068278447986,
    "UCLA Bruins": 0.004937488543341345,
    "Texas Tech Red Raiders": 0.005820760196890781,
    "Kentucky Wildcats": 0.004176899807524963,
    "Iowa Hawkeyes": 0.002947287092447415,
    "Texas A&M Aggies": 0.0022378300894511324,
    "Texas Longhorns": 0.0021634341423284217,
    "Miami Hurricanes": 0.0022378300894511324,
    "TCU Horned Frogs": 0.0023175248932065145,
    "Saint Louis Billikens": 0.0017550188511660982,
    "Clemson Tigers": 0.0019095099472194522,
    "Villanova Wildcats": 0.001476318035418306,
    "Utah State Aggies": 0.0015841309396601492,
    "UCF Knights": 0.001274003504331224,
    "Missouri Tigers": 0.0014435691881375095,
    "Santa Clara Broncos": 0.0011814832788895955,
    "Miami (OH) RedHawks": 0.00076488127646026,
    "VCU Rams": 0.0013259188875558053,
    "Northern Iowa Panthers": 0.000609631204733065,
    "High Point Panthers": 0.001015544616124203,
    "Akron Zips": 0.0009285973030998705,
    "Cal Baptist Lancers": 0.0005419395319889984,
    "Hofstra Pride": 0.0006502407973744896,
    "Wright St Raiders": 0.0005419395319889984,
    "Furman Paladins": 0.0005419395319889984,
    "Queens University Royals": 0.0005419395319889984,
    "Tennessee St Tigers": 0.0004645638135439672,
    "LIU Sharks": 0.0004645638135439672,
    "Prairie View Panthers": 0.00032525039484825535
  },
  "game_odds": [
    {
      "home_team": "Kentucky Wildcats",
      "away_team": "Santa Clara Broncos",
      "commence_time": "2026-03-20T16:15:00Z",
      "home_prob": 0.5783012896098899,
      "away_prob": 0.4216987103901101
    },
    {
      "home_team": "Texas Tech Red Raiders",
      "away_team": "Akron Zips",
      "commence_time": "2026-03-20T16:40:00Z",
      "home_prob": 0.7291792715683517,
      "away_prob": 0.27082072843164834
    },
    {
      "home_team": "Arizona Wildcats",
      "away_team": "LIU Sharks",
      "commence_time": "2026-03-20T17:35:00Z",
      "home_prob": 0.980493434353869,
      "away_prob": 0.019506565646131006
    },
    {
      "home_team": "Virginia Cavaliers",
      "away_team": "Wright St Raiders",
      "commence_time": "2026-03-20T17:50:03Z",
      "home_prob": 0.9258491748230712,
      "away_prob": 0.0741508251769289
    },
    {
      "home_team": "Iowa State Cyclones",
      "away_team": "Tennessee St Tigers",
      "commence_time": "2026-03-20T18:50:00Z",
      "home_prob": 0.9551605412763231,
      "away_prob": 0.04483945872367683
    },
    {
      "home_team": "Alabama Crimson Tide",
      "away_team": "Hofstra Pride",
      "commence_time": "2026-03-20T19:15:56Z",
      "home_prob": 0.8465334656490382,
      "away_prob": 0.1534665343509618
    },
    {
      "home_team": "Villanova Wildcats",
      "away_team": "Utah State Aggies",
      "commence_time": "2026-03-20T20:10:00Z",
      "home_prob": 0.4590099825251632,
      "away_prob": 0.5409900174748369
    },
    {
      "home_team": "Tennessee Volunteers",
      "away_team": "Miami (OH) RedHawks",
      "commence_time": "2026-03-20T20:25:38Z",
      "home_prob": 0.8347153344943152,
      "away_prob": 0.16528466550568477
    },
    {
      "home_team": "Clemson Tigers",
      "away_team": "Iowa Hawkeyes",
      "commence_time": "2026-03-20T22:50:00Z",
      "home_prob": 0.45512648203763617,
      "away_prob": 0.5448735179623639
    },
    {
      "home_team": "St. John's Red Storm",
      "away_team": "Northern Iowa Panthers",
      "commence_time": "2026-03-20T23:10:00Z",
      "home_prob": 0.8066348276928118,
      "away_prob": 0.19336517230718808
    },
    {
      "home_team": "UCLA Bruins",
      "away_team": "UCF Knights",
      "commence_time": "2026-03-20T23:25:00Z",
      "home_prob": 0.6668236057390141,
      "away_prob": 0.333176394260986
    },
    {
      "home_team": "Purdue Boilermakers",
      "away_team": "Queens University Royals",
      "commence_time": "2026-03-20T23:35:00Z",
      "home_prob": 0.9582236916940297,
      "away_prob": 0.041776308305970324
    },
    {
      "home_team": "Florida Gators",
      "away_team": "Prairie View Panthers",
      "commence_time": "2026-03-21T01:25:00Z",
      "home_prob": 0.9803614004266533,
      "away_prob": 0.019638599573346717
    },
    {
      "home_team": "Kansas Jayhawks",
      "away_team": "Cal Baptist Lancers",
      "commence_time": "2026-03-21T01:45:00Z",
      "home_prob": 0.8853438001423464,
      "away_prob": 0.11465619985765364
    },
    {
      "home_team": "UConn Huskies",
      "away_team": "Furman Paladins",
      "commence_time": "2026-03-21T02:00:00Z",
      "home_prob": 0.9412425032185134,
      "away_prob": 0.05875749678148648
    },
    {
      "home_team": "Miami Hurricanes",
      "away_team": "Missouri Tigers",
      "commence_time": "2026-03-21T02:10:00Z",
      "home_prob": 0.5441272868124665,
      "away_prob": 0.45587271318753353
    },
    {
      "home_team": "Michigan Wolverines",
      "away_team": "Saint Louis Billikens",
      "commence_time": "2026-03-21T16:10:00Z",
      "home_prob": 0.862188435585026,
      "away_prob": 0.13781156441497408
    },
    {
      "home_team": "Michigan St Spartans",
      "away_team": "Louisville Cardinals",
      "commence_time": "2026-03-21T18:45:00Z",
      "home_prob": 0.6182130964477218,
      "away_prob": 0.38178690355227807
    },
    {
      "home_team": "Duke Blue Devils",
      "away_team": "TCU Horned Frogs",
      "commence_time": "2026-03-21T21:15:00Z",
      "home_prob": 0.8391613745350605,
      "away_prob": 0.16083862546493957
    },
    {
      "home_team": "Houston Cougars",
      "away_team": "Texas A&M Aggies",
      "commence_time": "2026-03-21T22:10:00Z",
      "home_prob": 0.7999875734955261,
      "away_prob": 0.20001242650447398
    },
    {
      "home_team": "UNC Wilmington Seahawks",
      "away_team": "Dayton Flyers",
      "commence_time": "2026-03-21T23:00:00Z",
      "home_prob": 0.4277456647398844,
      "away_prob": 0.5722543352601157
    },
    {
      "home_team": "Gonzaga Bulldogs",
      "away_team": "Texas Longhorns",
      "commence_time": "2026-03-21T23:10:00Z",
      "home_prob": 0.6699317661702681,
      "away_prob": 0.330068233829732
    },
    {
      "home_team": "Illinois Fighting Illini",
      "away_team": "VCU Rams",
      "commence_time": "2026-03-21T23:50:00Z",
      "home_prob": 0.8115793095037239,
      "away_prob": 0.18842069049627605
    },
    {
      "home_team": "Nebraska Cornhuskers",
      "away_team": "Vanderbilt Commodores",
      "commence_time": "2026-03-22T00:45:00Z",
      "home_prob": 0.4302810185969902,
      "away_prob": 0.5697189814030098
    },
    {
      "home_team": "Nevada Wolf Pack",
      "away_team": "Liberty Flames",
      "commence_time": "2026-03-22T01:00:00Z",
      "home_prob": 0.7378302793349917,
      "away_prob": 0.2621697206650085
    },
    {
      "home_team": "Arkansas Razorbacks",
      "away_team": "High Point Panthers",
      "commence_time": "2026-03-22T01:45:00Z",
      "home_prob": 0.8366757650943645,